COGNOME;NOME;DATA NASCITA (gg/mm/aaaa);LUOGO NASCITA;PROVINCIA NASCITA;DATA FINE CONTROLLO (gg/mm/aaaa);ENTE DI APPARTENENZA;RUOLO
ABODI;ANDREA;07/03/1960;ROMA;RM;31/12/2030;MINISTERO PER LO SPORT E I GIOVANI;MINISTRO
ACQUAROLI;FRANCESCO;25/09/1974;MACERATA;MC;31/12/2030;REGIONE MARCHE;PRESIDENTE
AIELLO ;DAVIDE ;31/10/1985;PALERMO;PA;31/12/2030;CAMERA DEI DEPUTATI;DEPUTATO
ALBANO;LUCIA;11/02/1965;SAN BENEDETTO DEL TRONTO;AP;31/12/2030;Ministero dell'Economia e delle Finanze;SOTTOSEGRETARIO DI STATO
ALBANO;LUCIA;11/02/1965;SAN BENEDETTO DEL TRONTO;AP;31/12/2030;CAMERA DEI DEPUTATI;DEPUTATO
ALBERTI CASELLATI;ELISABETTA;12/08/1946;ROVIGO;RO;31/12/2030;MINISTERO PER LE RIFORME ISTITUZIONALI E LA SEMPLIFICAZIONE NORMATIVA;MINISTRO
ALBERTI CASELLATI;MARIA ELISABETTA;12/08/1946;ROVIGO;RO;31/12/2030;SENATO DELLA REPUBBLICA;SENATORE
ALFIERI;ALESSANDRO;02/02/1972;VARESE;VA;31/12/2030;SENATO DELLA REPUBBLICA;SENATORE
ALIFANO;ENRICA;31/01/1967;CASERTA;CE;31/12/2030;CAMERA DEI DEPUTATI;DEPUTATO
ALMICI;CRISTINA;26/06/1969;BRESCIA;BS;31/12/2030;CAMERA DEI DEPUTATI;DEPUTATO
ALOISIO;VINCENZA;15/12/1946;MURO LUCANO;PZ;31/12/2030;SENATO DELLA REPUBBLICA;SENATORE
AMATO;GAETANO;05/06/1957;CASTELLAMMARE DI STABIA;NA;31/12/2030;CAMERA DEI DEPUTATI;DEPUTATO
AMBROGIO;PAOLA;02/12/1970;TORINO;TO;31/12/2030;SENATO DELLA REPUBBLICA;SENATORE
AMBROSI;ALESSIA;14/04/1982;NEGRAR;VR;31/12/2030;CAMERA DEI DEPUTATI;DEPUTATO
AMENDOLA;VINCENZO;22/12/1973;NAPOLI;NA;31/12/2030;CAMERA DEI DEPUTATI;DEPUTATO
AMICH;ENZO;26/07/1977;CASALE MONFERRATO;AL;31/12/2030;CAMERA DEI DEPUTATI;DEPUTATO
AMIDEI;BARTOLOMEO;23/05/1961;ROVIGO;RO;31/12/2030;SENATO DELLA REPUBBLICA;SENATORE
AMORESE;ALESSANDRO;08/10/1974;CARRARA;MS;31/12/2030;CAMERA DEI DEPUTATI;DEPUTATO
AMOROSO;GIOVANNI;30/03/1949;MERCATO SAN SEVERINO;SA;31/12/2030;CORTE COSTITUZIONALE;GIUDICE
ANCOROTTI;RENATO;19/03/1956;CREMA ;CR;31/12/2030;SENATO DELLA REPUBBLICA;SENATORE
ANDREUZZA;GIORGIA;11/12/1973;PARMA;PR;31/12/2030;CAMERA DEI DEPUTATI;DEPUTATO
ANGELUCCI;ANTONIO;16/09/1944;SANTE MARIE;AQ;31/12/2030;CAMERA DEI DEPUTATI;DEPUTATO
ANTONINI;LUCA;27/05/1963;GALLARATE;VA;31/12/2030;CORTE COSTITUZIONALE;GIUDICE
ANTONIOZZI;ALFREDO;18/03/1956;COSENZA;CS;31/12/2030;CAMERA DEI DEPUTATI;DEPUTATO
APPENDINO;CHIARA;12/06/1984;MONCALIERI;TO;31/12/2030;CAMERA DEI DEPUTATI;DEPUTATO
ARRUZZOLO;GIOVANNI;30/03/1960;ROSARNO;RC;31/12/2030;CAMERA DEI DEPUTATI;DEPUTATO
ASCANI;ANNA;17/10/1987;CITTA' DI CASTELLO;PG;31/12/2030;CAMERA DEI DEPUTATI;DEPUTATO
ASCARI;STEFANIA;03/03/1980;CORREGGIO;RE;31/12/2030;CAMERA DEI DEPUTATI;DEPUTATO
AURIEMMA;CARMELA;03/07/1981;MADDALONI;CE;31/12/2030;CAMERA DEI DEPUTATI;DEPUTATO
BAGNAI;ALBERTO;10/10/1962;FIRENZE;FI;31/12/2030;CAMERA DEI DEPUTATI;DEPUTATO
BAGNASCO;ROBERTO;07/04/1950;NOVI LIGURE ;AL;31/12/2030;CAMERA DEI DEPUTATI;DEPUTATO
BAKKALI;OUIDAD;15/03/1986;MAROCCO;;31/12/2030;CAMERA DEI DEPUTATI;DEPUTATO
BALBONI;ALBERTO;19/06/1959;FERRARA;FE;31/12/2030;SENATO DELLA REPUBBLICA;SENATORE
BALDELLI;ANTONIO;24/06/1971;ANCONA;AN;31/12/2030;CAMERA DEI DEPUTATI;DEPUTATO
BALDINO;VITTORIA;28/05/1988;ROSSANO;CS;31/12/2030;CAMERA DEI DEPUTATI;DEPUTATO
BARABOTTI;ANDREA;14/09/1985;MASSA ;MS;31/12/2030;CAMERA DEI DEPUTATI;DEPUTATO
BARACHINI;ALBERTO;21/08/1972;PISA;PI;31/12/2030;Presidenza del Consiglio dei Ministri;SOTTOSEGRETARIO DI STATO
BARACHINI;ALBERTO;21/08/1972;PISA;PI;31/12/2030;SENATO DELLA REPUBBLICA;SENATORE
BARBAGALLO;ANTONY EMANUELE;24/12/1975;CATANIA;CT;31/12/2030;CAMERA DEI DEPUTATI;DEPUTATO
BARBARO;CLAUDIO;17/07/1955;ROMA;RM;31/12/2030;Ministero dell'Ambiente e della Sicurezza energetica;SOTTOSEGRETARIO DI STATO
BARBERA;AUGUSTO ANTONIO;25/06/1938;AIDONE;EN;31/12/2030;CORTE COSTITUZIONALE;PRESIDENTE
BARCAIUOLO;MICHELE;07/02/1979;MODENA;MO;31/12/2030;SENATO DELLA REPUBBLICA;SENATORE
BARDI;VITO;18/09/1951;POTENZA;PZ;31/12/2030;REGIONE BASILICATA;PRESIDENTE
BARELLI;PAOLO;07/06/1954;ROMA;RM;31/12/2030;CAMERA DEI DEPUTATI;DEPUTATO
BARZOTTI;VALENTINA;05/02/1986;MILANO;MI;31/12/2030;CAMERA DEI DEPUTATI;DEPUTATO
BASSO;LORENZO;19/02/1976;GENOVA;GE;31/12/2030;SENATO DELLA REPUBBLICA;SENATORE
BATTILOCCHIO;ALESSANDRO;03/05/1977;ROMA;RM;31/12/2030;CAMERA DEI DEPUTATI;DEPUTATO
BATTISTONI;FRANCESCO;23/02/1967;MONTEFIASCONE ;VT;31/12/2030;CAMERA DEI DEPUTATI;DEPUTATO
BAZOLI;ALFREDO;15/12/1969;BRESCIA;BS;31/12/2030;SENATO DELLA REPUBBLICA;SENATORE
BELLOMO;DAVIDE;18/02/1970;ASCOLI PICENO;AP;31/12/2030;CAMERA DEI DEPUTATI;DEPUTATO
BELLUCCI;TERESA;19/07/1972;ROMA;RM;31/12/2030;CAMERA DEI DEPUTATI;DEPUTATO
BENIGNI;STEFANO;16/07/1987;ALZANO LOMBARDO ;BG;31/12/2030;CAMERA DEI DEPUTATI;DEPUTATO
BENVENUTI;MARIA TERESA;17/01/1976;ANCONA;AN;31/12/2030;CAMERA DEI DEPUTATI;DEPUTATO
BENVENUTO;ALESSANDRO MANUEL;23/07/1986;VENARIA REALE ;TO;31/12/2030;CAMERA DEI DEPUTATI;DEPUTATO
BENZONI;FABRIZIO;04/11/1985;BRESCIA ;BS;31/12/2030;CAMERA DEI DEPUTATI;DEPUTATO
BERGAMINI;DAVIDE;07/02/1973;BONDENO ;FE;31/12/2030;CAMERA DEI DEPUTATI;DEPUTATO
BERGAMINI;DEBORAH;24/10/1967;VIAREGGIO ;LU;31/12/2030;CAMERA DEI DEPUTATI;DEPUTATO
BERGAMOTTO;FAUSTA;28/07/1968;L'AQUILA;AQ;31/12/2030;Ministero delle Imprese e del Made in Italy;SOTTOSEGRETARIO DI STATO
BERGESIO;GIORGIO MARIA ;22/11/1963;BRA ;CN;31/12/2030;SENATO DELLA REPUBBLICA;SENATORE
BERNINI;ANNA MARIA;17/08/1965;BOLOGNA;BO;31/12/2030;MINISTERO DELL'UNIVERSITA' E DELLA RICERCA;MINISTRO
BERNINI;ANNA MARIA ;17/08/1965;BOLOGNA;BO;31/12/2030;SENATO DELLA REPUBBLICA;SENATORE
BERRINO;GIANNI;07/05/1964;SANREMO;IM;31/12/2030;SENATO DELLA REPUBBLICA;SENATORE
BERRUTO;MAURO;08/05/1969;TORINO;TO;31/12/2030;CAMERA DEI DEPUTATI;DEPUTATO
BEVILACQUA;DOLORES;27/08/1974;PARTINICO ;PA;31/12/2030;SENATO DELLA REPUBBLICA;SENATORE
BIANCOFIORE;MICHAELA;28/12/1970;BOLZANO;BZ;31/12/2030;SENATO DELLA REPUBBLICA;SENATORE
BICCHIELLI;PINO;31/03/1967;NAPOLI;NA;31/12/2030;CAMERA DEI DEPUTATI;DEPUTATO
BIGNAMI;GALEAZZO;25/10/1975;BOLOGNA;BO;31/12/2030;CAMERA DEI DEPUTATI;DEPUTATO
BILLI;SIMONE;11/02/1976;FIRENZE;FI;31/12/2030;CAMERA DEI DEPUTATI;DEPUTATO
BILOTTI;ANNA;15/06/1982;BATTIPAGLIA ;SA;31/12/2030;SENATO DELLA REPUBBLICA;SENATORE
BISA;INGRID;10/01/1978;ASOLO ;TV;31/12/2030;CAMERA DEI DEPUTATI;DEPUTATO
BITONCI;MASSIMO;24/06/1965;PADOVA;PD;31/12/2030;Ministero delle Imprese e del Made in Italy;SOTTOSEGRETARIO DI STATO
BITONCI;MASSIMO;24/06/1965;PADOVA;PD;31/12/2030;CAMERA DEI DEPUTATI;DEPUTATO
BIZZOTTO;MARA;03/06/1972;BASSANO DEL GRAPPA ;VI;31/12/2030;SENATO DELLA REPUBBLICA;SENATORE
BOCCIA;FRANCESCO;18/03/1968;BISCEGLIE ;BA;31/12/2030;SENATO DELLA REPUBBLICA;SENATORE
BOF;GIANANGELO;07/01/1975;VITTORIO VENETO ;TV;31/12/2030;CAMERA DEI DEPUTATI;DEPUTATO
BOLDRINI;LAURA;28/04/1961;MACERATA;MC;31/12/2030;CAMERA DEI DEPUTATI;DEPUTATO
BONAFE';SIMONA;12/07/1973;VARESE;VA;31/12/2030;CAMERA DEI DEPUTATI;DEPUTATO
BONELLI;ANGELO;30/07/1962;ROMA;RM;31/12/2030;CAMERA DEI DEPUTATI;DEPUTATO
BONETTI;ELENA;12/04/1974;ASOLA ;MN;31/12/2030;CAMERA DEI DEPUTATI;DEPUTATO
BONGIORNO;GIULIA;22/03/1966;PALERMO;PA;31/12/2030;SENATO DELLA REPUBBLICA;SENATORE
BONIFAZI;FRANCESCO;24/06/1976;FIRENZE;FI;31/12/2030;CAMERA DEI DEPUTATI;DEPUTATO
BORDONALI;SIMONA;01/08/1971;BRESCIA;BS;31/12/2030;CAMERA DEI DEPUTATI;DEPUTATO
BORGHESE;MARIO ALEJANDRO;14/04/1981;ARGENTINA;;31/12/2030;SENATO DELLA REPUBBLICA;SENATORE
BORGHESI;STEFANO;16/09/1977;BRESCIA;BS;31/12/2030;SENATO DELLA REPUBBLICA;SENATORE
BORGHI;CLAUDIO;06/06/1970;MILANO;MI;31/12/2030;SENATO DELLA REPUBBLICA;SENATORE
BORGHI;ENRICO;06/08/1967;PREMOSELLO-CHIOVENDA;NO;31/12/2030;SENATO DELLA REPUBBLICA;SENATORE
BORGONZONI;LUCIA;18/09/1976;BOLOGNA;BO;31/12/2030;Ministero della Cultura;SOTTOSEGRETARIO DI STATO
BORGONZONI;LUCIA;18/09/1976;BOLOGNA;BO;31/12/2030;SENATO DELLA REPUBBLICA;SENATORE
BORRELLI;FRANCESCO EMILIO;14/08/1973;NAPOLI;NA;31/12/2030;CAMERA DEI DEPUTATI;DEPUTATO
BOSCAINI;MARIA PAOLA;22/09/1954;BUSSOLENGO ;VR;31/12/2030;CAMERA DEI DEPUTATI;DEPUTATO
BOSCHI;MARIA ELENA;24/01/1981;MONTEVARCHI ;AR;31/12/2030;CAMERA DEI DEPUTATI;DEPUTATO
BOSSI;UMBERTO;19/09/1941;CASSANO MAGNAGO ;VA;31/12/2030;CAMERA DEI DEPUTATI;DEPUTATO
BRAGA C;CHIARA ;02/09/1979;COMO;CO;31/12/2030;CAMERA DEI DEPUTATI;DEPUTATO
BRAMBILLA;MICHELA VITTORIA;26/10/1967;LECCO;CO;31/12/2030;CAMERA DEI DEPUTATI;DEPUTATO
BRUNO;RAFFAELE;03/05/1974;NAPOLI;NA;31/12/2030;CAMERA DEI DEPUTATI;DEPUTATO
BRUZZONE;FRANCESCO;23/05/1962;GENOVA;GE;31/12/2030;CAMERA DEI DEPUTATI;DEPUTATO
BUCALO;CARMELA;27/06/1963;BARCELLONA POZZO DI GOTTO ;ME;31/12/2030;SENATO DELLA REPUBBLICA;SENATORE
BUCCI;MARCO;31/10/1959;GENOVA;GE;31/12/2030;REGIONE LIGURIA;PRESIDENTE
BUONGUERRIERI;ALICE;04/09/1978;BAGNO DI ROMAGNA ;FO;31/12/2030;CAMERA DEI DEPUTATI;DEPUTATO
BUSCEMA;ANGELO;09/02/1952;ROMA;RM;31/12/2030;CORTE COSTITUZIONALE;GIUDICE
BUSCEMA;ANGELO;09/02/1952;ROMA;RM;31/12/2030;CORTE DEI CONTI;PRESIDENTE
BUTTI;ALESSIO;15/10/1964;COMO;CO;31/12/2030;Presidenza del Consiglio dei Ministri;SOTTOSEGRETARIO DI STATO
BUTTI;ALESSIO;15/10/1964;COMO;CO;31/12/2030;SENATO DELLA REPUBBLICA;SENATORE
CAFIERO DE RAHO;FEDERICO;18/02/1952;NAPOLI;NA;31/12/2030;CAMERA DEI DEPUTATI;DEPUTATO
CAIATA;SALVATORE;29/07/1970;POTENZA;PZ;31/12/2030;CAMERA DEI DEPUTATI;DEPUTATO
CALANDRINI;NICOLA;05/11/1966;LATINA;LT;31/12/2030;SENATO DELLA REPUBBLICA;SENATORE
CALDEROLI;ROBERTO;18/04/1956;BERGAMO;BG;31/12/2030;MINISTERO PER GLI AFFARI REGIONALI E LE AUTONOMIE;MINISTRO
CALDEROLI;ROBERTO;18/04/1956;BERGAMO;BG;31/12/2030;SENATO DELLA REPUBBLICA;SENATORE
CALDERONE;MARINA ELVIRA;30/07/1965;BONORVA;SS;31/12/2030;MINISTERO DEL LAVORO E DELLE POLITICHE SOCIALI;MINISTRO
CALDERONE;TOMMASO ANTONINO;30/01/1963;BARCELLONA POZZO DI GOTTO ;ME;31/12/2030;CAMERA DEI DEPUTATI;DEPUTATO
CALENDA;CARLO;09/04/1973;ROMA;RM;31/12/2030;SENATO DELLA REPUBBLICA;SENATORE
CALOVINI;GIANGIACOMO;16/03/1982;BRESCIA;BS;31/12/2030;CAMERA DEI DEPUTATI;DEPUTATO
CAMPIONE;SUSANNA DONATELLA;03/02/1966;LIBIA;;31/12/2030;SENATO DELLA REPUBBLICA;SENATORE
CAMUSSO;SUSANNA LINA GIULIA;14/08/1955;MILANO;MI;31/12/2030;SENATO DELLA REPUBBLICA;SENATORE
CANDIANI;STEFANO;11/12/1971;BUSTO ARSIZIO ;VA;31/12/2030;CAMERA DEI DEPUTATI;DEPUTATO
CANGIANO;GEROLAMO;19/03/1981;GENOVA;GE;31/12/2030;CAMERA DEI DEPUTATI;DEPUTATO
CANNATA;GIOVANNI LUCA;17/05/1979;SIRACUSA;SR;31/12/2030;CAMERA DEI DEPUTATI;DEPUTATO
CANNIZZARO;FRANCESCO;24/06/1982;REGGIO CALABRIA;RC;31/12/2030;CAMERA DEI DEPUTATI;DEPUTATO
CANTALAMESSA;GIANLUCA;02/02/1968;NAPOLI;NA;31/12/2030;SENATO DELLA REPUBBLICA;SENATORE
CANTONE;LUCIANO;24/05/1987;CATANIA;CT;31/12/2030;CAMERA DEI DEPUTATI;DEPUTATO
CANTU';MARIA CRISTINA;21/12/1964;VARESE;VA;31/12/2030;SENATO DELLA REPUBBLICA;SENATORE
CAPARVI;VIRGINIO;25/09/1982;FOLIGNO ;PG;31/12/2030;CAMERA DEI DEPUTATI;DEPUTATO
CAPPELLACCI;UGO;27/11/1960;CAGLIARI;CA;31/12/2030;CAMERA DEI DEPUTATI;DEPUTATO
CAPPELLETTI;ENRICO;05/02/1968;PADOVA;PD;31/12/2030;CAMERA DEI DEPUTATI;DEPUTATO
CARAMANNA;GIANLUCA;25/07/1975;GERMANIA;;31/12/2030;CAMERA DEI DEPUTATI;DEPUTATO
CARAMIELLO;ALESSANDRO;07/07/1977;NAPOLI;NA;31/12/2030;CAMERA DEI DEPUTATI;DEPUTATO
CARE';NICOLA;31/07/1960;GUARDAVALLE ;CZ;31/12/2030;CAMERA DEI DEPUTATI;DEPUTATO
CARETTA;MARIA CRISTINA;11/01/1964;THIENE ;VI;31/12/2030;CAMERA DEI DEPUTATI;DEPUTATO
CARFAGNA;MARIA ROSARIA;18/12/1975;SALERNO;SA;31/12/2030;CAMERA DEI DEPUTATI;DEPUTATO
CARLONI;MIRCO;14/01/1981;FANO ;PS;31/12/2030;CAMERA DEI DEPUTATI;DEPUTATO
CARMINA;IDA;16/11/1963;PALERMO;PA;31/12/2030;CAMERA DEI DEPUTATI;DEPUTATO
CAROPPO;ANDREA;26/06/1979;POGGIARDO ;LE;31/12/2030;CAMERA DEI DEPUTATI;DEPUTATO
CAROTENUTO;DARIO;11/02/1978;NAPOLI;NA;31/12/2030;CAMERA DEI DEPUTATI;DEPUTATO
CARRA';ANASTASIO;30/03/1964;MOTTA SANT'ANASTASIA ;CT;31/12/2030;CAMERA DEI DEPUTATI;DEPUTATO
CASASCO;MAURIZIO;07/09/1954;RIVANAZZANO;PV;31/12/2030;CAMERA DEI DEPUTATI;DEPUTATO
CASINI;PIER FERDINANDO;03/12/1955;BOLOGNA;BO;31/12/2030;SENATO DELLA REPUBBLICA;SENATORE
CASO;ANTONIO;05/02/1984;NAPOLI;NA;31/12/2030;CAMERA DEI DEPUTATI;DEPUTATO
CASTELLI;GUIDO;30/11/1965;SIENA;SI;31/12/2030;SENATO DELLA REPUBBLICA;SENATORE
CASTELLONE;MARIA DOMENICA;03/04/1975;VILLARICCA ;NA;31/12/2030;SENATO DELLA REPUBBLICA;SENATORE
CASTIELLO;FRANCESCO;13/10/1942;VALLO DELLA LUCANIA ;SA;31/12/2030;SENATO DELLA REPUBBLICA;SENATORE
CASTIELLO;GIUSEPPINA;30/01/1971;AFRAGOLA;NA;31/12/2030;Ministero per i Rapporti con il Parlamento;SOTTOSEGRETARIO DI STATO
CASTIGLIONE;GIUSEPPE;05/10/1963;BRONTE ;CT;31/12/2030;CAMERA DEI DEPUTATI;DEPUTATO
CASU;ANDREA;06/11/1981;ROMA;RM;31/12/2030;CAMERA DEI DEPUTATI;DEPUTATO
CATALDI;ROBERTO;15/04/1960;ASCOLI PICENO;AP;31/12/2030;SENATO DELLA REPUBBLICA;SENATORE
CATTANEO;ALESSANDRO;12/06/1979;RHO ;MI;31/12/2030;CAMERA DEI DEPUTATI;DEPUTATO
CATTANEO;ELENA;22/10/1962;MILANO;MI;31/12/2030;SENATO DELLA REPUBBLICA;SENATORE
CATTOI;VANESSA;12/07/1980;ROVERETO ;TN;31/12/2030;CAMERA DEI DEPUTATI;DEPUTATO
CAVANDOLI;LAURA;15/12/1971;PARMA;PR;31/12/2030;CAMERA DEI DEPUTATI;DEPUTATO
CAVO;ILARIA;11/10/1973;GENOVA;GE;31/12/2030;CAMERA DEI DEPUTATI;DEPUTATO
CECCHETTI;FABRIZIO;03/12/1977;RHO ;MI;31/12/2030;CAMERA DEI DEPUTATI;DEPUTATO
CENTEMERO;GIULIO;30/01/1979;MILANO;MI;31/12/2030;CAMERA DEI DEPUTATI;DEPUTATO
CENTINAIO;GIAN MARCO;31/10/1971;PAVIA;PV;31/12/2030;SENATO DELLA REPUBBLICA;SENATORE
CERRETO;MARCO;01/01/1971;CASERTA;CE;31/12/2030;CAMERA DEI DEPUTATI;DEPUTATO
CESA;LORENZO;16/08/1951;ARCINAZZO ROMANO ;RM;31/12/2030;CAMERA DEI DEPUTATI;DEPUTATO
CHERCHI;SUSANNA;25/12/1955;IGLESIAS;CA;31/12/2030;CAMERA DEI DEPUTATI;DEPUTATO
CHIESA;PAOLA MARIA;12/09/1979;PAVIA;PV;31/12/2030;CAMERA DEI DEPUTATI;DEPUTATO
CIABURRO;MONICA;12/04/1970;CUNEO;CN;31/12/2030;CAMERA DEI DEPUTATI;DEPUTATO
CIANCITTO;FRANCESCO MARIA SALVATORE;17/03/1967;CATANIA;CT;31/12/2030;CAMERA DEI DEPUTATI;DEPUTATO
CIANI;PAOLO;15/05/1970;ROMA;RM;31/12/2030;CAMERA DEI DEPUTATI;DEPUTATO
CIOCCHETTI;LUCIANO;03/03/1958;ROMA;RM;31/12/2030;CAMERA DEI DEPUTATI;DEPUTATO
CIRIANI;LUCA;26/01/1967;PORDENONE;UD;31/12/2030;MINISTERO PER I RAPPORTI CON IL PARLAMENTO;MINISTRO
CIRIANI;LUCA;26/01/1967;PORDENONE;UD;31/12/2030;SENATO DELLA REPUBBLICA;SENATORE
CIRIELLI;EDMONDO;22/05/1964;NOCERA INFERIORE ;SA;31/12/2030;CAMERA DEI DEPUTATI;DEPUTATO
CIRIO;ALBERTO ;06/12/1972;TORINO;TO;31/12/2030;REGIONE PIEMONTE;PRESIDENTE
COIN;DIMITRI;01/06/1970;TREVISO;TV;31/12/2030;CAMERA DEI DEPUTATI;DEPUTATO
COLOMBO;BEATRIZ;13/03/1978;RIMINI ;RN;31/12/2030;CAMERA DEI DEPUTATI;DEPUTATO
COLOSIMO;CHIARA;02/06/1986;ROMA;RM;31/12/2030;CAMERA DEI DEPUTATI;DEPUTATO
COLUCCI;ALESSANDRO;20/05/1974;MILANO;MI;31/12/2030;CAMERA DEI DEPUTATI;DEPUTATO
COLUCCI;ALFONSO;24/02/1964;FOGGIA;FG;31/12/2030;CAMERA DEI DEPUTATI;DEPUTATO
COMAROLI;SILVANA ANDREINA;27/03/1967;SONCINO ;CR;31/12/2030;CAMERA DEI DEPUTATI;DEPUTATO
COMBA;FABRIZIO;24/03/1966;TORINO;TO;31/12/2030;CAMERA DEI DEPUTATI;DEPUTATO
CONGEDO;SAVERIO;15/02/1965;LECCE;LE;31/12/2030;CAMERA DEI DEPUTATI;DEPUTATO
CONTE;GIUSEPPE;08/08/1964;VOLTURARA APPULA ;FG;31/12/2030;CAMERA DEI DEPUTATI;DEPUTATO
COPPO;MARCELLO;27/11/1978;ASTI;AT;31/12/2030;CAMERA DEI DEPUTATI;DEPUTATO
CORTELAZZO;PIERGIORGIO;20/02/1969;ESTE ;PD;31/12/2030;CAMERA DEI DEPUTATI;DEPUTATO
COSENZA;GIULIA;25/01/1968;NAPOLI;NA;31/12/2030;SENATO DELLA REPUBBLICA;SENATORE
COSTA;ENRICO;29/11/1969;CUNEO;CN;31/12/2030;CAMERA DEI DEPUTATI;DEPUTATO
COSTA;SERGIO;22/04/1959;NAPOLI;NA;31/12/2030;CAMERA DEI DEPUTATI;DEPUTATO
COTTARELLI;CARLO;18/08/1954;CREMONA;CR;31/12/2030;SENATO DELLA REPUBBLICA;SENATORE
CRAXI;STEFANIA GABRIELLA ANASTASIA;25/10/1960;MILANO;MI;31/12/2030;SENATO DELLA REPUBBLICA;SENATORE
CRIPPA;ANDREA;10/05/1986;MONZA ;MI;31/12/2030;CAMERA DEI DEPUTATI;DEPUTATO
CRISANTI;ANDREA;14/09/1954;ROMA;RM;31/12/2030;SENATO DELLA REPUBBLICA;SENATORE
CROATTI;MARCO;17/09/1972;RIMINI;RN;31/12/2030;SENATO DELLA REPUBBLICA;SENATORE
CROSETTO;GUIDO;19/09/1963;CUNEO;CN;31/12/2030;MINISTERO DELLA DIFESA;MINISTRO
CUCCHI;ILARIA;22/06/1974;ROMA;RM;31/12/2030;SENATO DELLA REPUBBLICA;SENATORE
CUPERLO;GIANNI;03/09/1961;TRIESTE;TS;31/12/2030;CAMERA DEI DEPUTATI;DEPUTATO
CURTI;AUGUSTO;04/03/1978;ASCOLI PICENO;AP;31/12/2030;CAMERA DEI DEPUTATI;DEPUTATO
D'ALBERTI;MARCO;10/08/1948;ROMA;RM;31/12/2030;CORTE COSTITUZIONALE;GIUDICE
D'ALESSIO;ANTONIO;05/12/1964;SALERNO;SA;31/12/2030;CAMERA DEI DEPUTATI;DEPUTATO
D'ALFONSO;LUCIANO;13/12/1965;LETTOMANOPPELLO ;PE;31/12/2030;CAMERA DEI DEPUTATI;DEPUTATO
DALLA CHIESA;RITA;31/08/1947;CASORIA ;NA;31/12/2030;CAMERA DEI DEPUTATI;DEPUTATO
DAMANTE;CONCETTA;05/02/1972;GELA ;CL;31/12/2030;SENATO DELLA REPUBBLICA;SENATORE
DAMIANI;DARIO;21/06/1974;BARLETTA ;BA;31/12/2030;SENATO DELLA REPUBBLICA;SENATORE
DARA;ANDREA;07/01/1979;CASTEL GOFFREDO ;MN;31/12/2030;CAMERA DEI DEPUTATI;DEPUTATO
D'ATTIS;MAURO;30/07/1973;GALATINA ;LE;31/12/2030;CAMERA DEI DEPUTATI;DEPUTATO
DE BERTOLDI;ANDREA;12/05/1966;BOLZANO;BZ;31/12/2030;CAMERA DEI DEPUTATI;DEPUTATO
DE CARLO;LUCA;07/08/1972;PIEVE DI CADORE ;BL;31/12/2030;SENATO DELLA REPUBBLICA;SENATORE
DE CORATO;RICCARDO;01/11/1951;ANDRIA ;BA;31/12/2030;CAMERA DEI DEPUTATI;DEPUTATO
DE CRISTOFARO;PEPPE;26/06/1971;NAPOLI;NA;31/12/2030;SENATO DELLA REPUBBLICA;SENATORE
DE LUCA;PIERO;11/06/1980;CAVA DE' TIRRENI ;SA;31/12/2030;CAMERA DEI DEPUTATI;DEPUTATO
DE LUCA;VINCENZO ;08/05/1949;RUVO DEL MONTE;PZ;31/12/2030;REGIONE CAMPANIA;PRESIDENTE
DE MARIA;ANDREA;05/10/1966;BAZZANO ;BO;31/12/2030;CAMERA DEI DEPUTATI;DEPUTATO
DE MICHELI;PAOLA;01/09/1973;PIACENZA;PC;31/12/2030;CAMERA DEI DEPUTATI;DEPUTATO
DE MONTE;ISABELLA;23/06/1971;UDINE;UD;31/12/2030;CAMERA DEI DEPUTATI;DEPUTATO
DE PALMA;VITO;13/11/1966;GINOSA ;TA;31/12/2030;CAMERA DEI DEPUTATI;DEPUTATO
DE PASCALE ;MICHELE;20/01/1985;CESENA;FO;31/12/2030;REGIONE EMILIA-ROMAGNA;PRESIDENTE
DE POLI;ANTONIO;04/10/1960;VICENZA;VI;31/12/2030;SENATO DELLA REPUBBLICA;SENATORE
DE PRIAMO;ANDREA;24/05/1971;ROMA;RM;31/12/2030;SENATO DELLA REPUBBLICA;SENATORE
DE ROSA;RAFFAELE;20/06/1978;POMPEI;NA;31/12/2030;SENATO DELLA REPUBBLICA;SENATORE
DEIDDA;SALVATORE;07/10/1976;CAGLIARI;CA;31/12/2030;CAMERA DEI DEPUTATI;DEPUTATO
DEL BARBA;MAURO;20/07/1970;MORBEGNO ;SO;31/12/2030;CAMERA DEI DEPUTATI;DEPUTATO
D'ELIA;CECILIA;31/07/1963;POTENZA;PZ;31/12/2030;SENATO DELLA REPUBBLICA;SENATORE
DELLA PORTA ;COSTANZO;29/10/1975;TERMOLI ;CB;31/12/2030;SENATO DELLA REPUBBLICA;SENATORE
DELLA VEDOVA;BENEDETTO;03/04/1962;SONDRIO;SO;31/12/2030;CAMERA DEI DEPUTATI;DEPUTATO
DELL'OLIO;GIANMAURO;07/03/1968;BARI;BA;31/12/2030;CAMERA DEI DEPUTATI;DEPUTATO
DELMASTRO DELLE VEDOVE;ANDREA;22/10/1976;GATTINARA;VC;31/12/2030;Ministero della Giustizia;SOTTOSEGRETARIO DI STATO
DELMASTRO DELLE VEDOVE;ANDREA;22/10/1976;GATTINARA ;VC;31/12/2030;CAMERA DEI DEPUTATI;DEPUTATO
DELRIO;GRAZIANO;27/04/1960;REGGIO EMILIA;RE;31/12/2030;SENATO DELLA REPUBBLICA;SENATORE
D'ERAMO;LUIGI;10/05/1976;L'AQUILA;AQ;31/12/2030;Ministero dell'Agricoltura, della Sovranità alimentare e delle Foreste;SOTTOSEGRETARIO DI STATO
DI BIASE;MICHELA;17/10/1980;ROMA;RM;31/12/2030;CAMERA DEI DEPUTATI;DEPUTATO
DI GIROLAMO;GABRIELLA;15/05/1977;SULMONA ;AQ;31/12/2030;SENATO DELLA REPUBBLICA;SENATORE
DI GIUSEPPE;ANDREA;20/05/1968;ROMA;RM;31/12/2030;CAMERA DEI DEPUTATI;DEPUTATO
DI LAURO;CARMEN;24/03/1988;VICO EQUENSE ;NA;31/12/2030;CAMERA DEI DEPUTATI;DEPUTATO
DI MAGGIO;GRAZIA;11/11/1994;TARANTO;TA;31/12/2030;CAMERA DEI DEPUTATI;DEPUTATO
DI MATTINA;SALVATORE MARCELLO;05/01/1982;TAVIANO ;LE;31/12/2030;CAMERA DEI DEPUTATI;DEPUTATO
DI SANZO;CHRISTIAN DIEGO;18/11/1982;PRATO ;FI;31/12/2030;CAMERA DEI DEPUTATI;DEPUTATO
DONDI;DANIELA;12/01/1962;MODENA;MO;31/12/2030;CAMERA DEI DEPUTATI;DEPUTATO
DONNO;LEONARDO;21/07/1985;GALATINA ;LE;31/12/2030;CAMERA DEI DEPUTATI;DEPUTATO
DONZELLI;GIOVANNI;28/11/1975;FIRENZE;FI;31/12/2030;CAMERA DEI DEPUTATI;DEPUTATO
DORI;DEVIS;27/12/1979;TREVIGLIO ;BG;31/12/2030;CAMERA DEI DEPUTATI;DEPUTATO
D'ORSO;VALENTINA; 09/07/1980;PALERMO;PA;31/12/2030;CAMERA DEI DEPUTATI;DEPUTATO
DREOSTO;MARCO;18/03/1969;SPILIMBERGO ;PN;31/12/2030;SENATO DELLA REPUBBLICA;SENATORE
DURIGON;CLAUDIO;10/09/1971;LATINA;LT;31/12/2030;Ministero del Lavoro e delle Politiche Sociali;SOTTOSEGRETARIO DI STATO
DURIGON;CLAUDIO;10/09/1971;LATINA;LT;31/12/2030;SENATO DELLA REPUBBLICA;SENATORE
DURNWALDER;MEINHARD;12/12/1976;BRUNICO ;BZ;31/12/2030;SENATO DELLA REPUBBLICA;SENATORE
EMILIANO;MICHELE ;23/07/1959;BARI;BA;31/12/2030;REGIONE PUGLIA;PRESIDENTE
EVI;ELEONORA; 29/07/1980;PALERMO;PA;31/12/2030;CAMERA DEI DEPUTATI;DEPUTATO
FALLUCCHI;ANNA MARIA ;19/05/1968;FOGGIA;FG;31/12/2030;SENATO DELLA REPUBBLICA;SENATORE
FARAONE;DAVIDE; 19/07/1975;PALERMO;PA;31/12/2030;CAMERA DEI DEPUTATI;DEPUTATO
FAROLFI;MARTA;01/01/1962;BRISIGHELLA ;RA;31/12/2030;SENATO DELLA REPUBBLICA;SENATORE
FASCINA;MARTA ANTONIA; 09/07/1990;MELITO DI PORTO SALVO ;RC;31/12/2030;CAMERA DEI DEPUTATI;DEPUTATO
FASSINO;PIERO; 07/10/1949;AVIGLIANA ;TO;31/12/2030;CAMERA DEI DEPUTATI;DEPUTATO
FAZZOLARI;GIOVANBATTISTA;24/04/1972;MESSINA;ME;31/12/2030;Presidenza del Consiglio dei Ministri;SOTTOSEGRETARIO DI STATO
FAZZOLARI;GIOVANBATTISTA;24/02/1972;MESSINA;ME;31/12/2030;SENATO DELLA REPUBBLICA;SENATORE
FAZZONE;CLAUDIO;07/10/1961;FONDI ;LT;31/12/2030;SENATO DELLA REPUBBLICA;SENATORE
FEDE;GIORGIO; 23/12/1961;SAN BENEDETTO DEL TRONTO ;AP;31/12/2030;CAMERA DEI DEPUTATI;DEPUTATO
FEDRIGA;MASSIMILIANO;02/07/1980;VERONA;VR;31/12/2030;REGIONE FRIULI-VENEZIA GIULIA;PRESIDENTE
FENU;EMILIANO; 29/01/1977;SINISCOLA ;NU;31/12/2030;CAMERA DEI DEPUTATI;DEPUTATO
FERRANTE;TULLIO;13/01/1989;SAN GIORGIO A CREMANO;NA;31/12/2030;Ministero delle Infrastrutture e dei Trasporti;SOTTOSEGRETARIO DI STATO
FERRANTE;TULLIO; 13/01/1989;SAN GIORGIO A CREMANO ;NA;31/12/2030;CAMERA DEI DEPUTATI;DEPUTATO
FERRARA;ANTONIO; 28/01/1970;VARESE;VA;31/12/2030;CAMERA DEI DEPUTATI;DEPUTATO
FERRARI;SARA; 05/01/1971;ROVERETO ;TN;31/12/2030;CAMERA DEI DEPUTATI;DEPUTATO
FERRO;WANDA;24/03/1968;CATANZARO;CZ;31/12/2030;Ministero dell'Interno;SOTTOSEGRETARIO DI STATO
FERRO;WANDA; 24/03/1968;CATANZARO;CZ;31/12/2030;CAMERA DEI DEPUTATI;DEPUTATO
FILINI;FRANCESCO; 04/09/1978;ROMA;RM;31/12/2030;CAMERA DEI DEPUTATI;DEPUTATO
FINA;MICHELE;30/09/1978;AVEZZANO ;AQ;31/12/2030;SENATO DELLA REPUBBLICA;SENATORE
FLORIDIA;AURORA;06/05/1967;VERONA;VR;31/12/2030;SENATO DELLA REPUBBLICA;SENATORE
FLORIDIA;BARBARA;05/02/1977;MESSINA;ME;31/12/2030;SENATO DELLA REPUBBLICA;SENATORE
FONTANA;ATTILIO;28/03/1952;VARESE;VA;31/12/2030;REGIONE LOMBARDIA;PRESIDENTE
FONTANA;ILARIA; 26/06/1984;ALATRI ;FR;31/12/2030;CAMERA DEI DEPUTATI;DEPUTATO
FONTANA;LORENZO;10/04/1980;VERONA;VR;31/12/2030;CAMERA DEI DEPUTATI;PRESIDENTE
FONTANA;LORENZO; 10/04/1980;VERONA;VR;31/12/2030;CAMERA DEI DEPUTATI;DEPUTATO
FORATTINI;ANTONELLA; 13/05/1966;GONZAGA ;MN;31/12/2030;CAMERA DEI DEPUTATI;DEPUTATO
FORMENTINI;PAOLO; 30/04/1980;DESENZANO DEL GARDA ;BS;31/12/2030;CAMERA DEI DEPUTATI;DEPUTATO
FORNARO;FEDERICO; 09/12/1962;GENOVA;GE;31/12/2030;CAMERA DEI DEPUTATI;DEPUTATO
FOSSI;EMILIANO; 02/09/1973;FIRENZE;FI;31/12/2030;CAMERA DEI DEPUTATI;DEPUTATO
FOTI;TOMMASO;28/04/1960;PIACENZA;PC;31/12/2030;MINISTERO PER GLI AFFARI EUROPEI, IL PNRR E LE POLITICHE DI COESIONE;MINISTRO
FOTI;TOMMASO; 28/04/1960;PIACENZA;PC;31/12/2030;CAMERA DEI DEPUTATI;DEPUTATO
FRANCESCHELLI;SILVIO;16/08/1970;PISTOIA;PT;31/12/2030;SENATO DELLA REPUBBLICA;SENATORE
FRANCESCHINI;DARIO;19/10/1958;FERRARA;FE;31/12/2030;SENATO DELLA REPUBBLICA;SENATORE
FRASSINETTI;PAOLA;02/05/1956;GENOVA;GE;31/12/2030;Ministero dell'Istruzione e del Merito;SOTTOSEGRETARIO DI STATO
FRASSINETTI;PAOLA; 02/05/1956;GENOVA;GE;31/12/2030;CAMERA DEI DEPUTATI;DEPUTATO
FRASSINI;REBECCA; 24/11/1988;CALCINATE ;BG;31/12/2030;CAMERA DEI DEPUTATI;DEPUTATO
FRATOIANNI;NICOLA; 04/10/1972;PISA;PI;31/12/2030;CAMERA DEI DEPUTATI;DEPUTATO
FREGOLENT;SILVIA;25/01/1972;TORINO;TO;31/12/2030;SENATO DELLA REPUBBLICA;SENATORE
FRENI;FEDERICO;01/07/1980;ROMA;RM;31/12/2030;Ministero dell'Economia e delle Finanze;SOTTOSEGRETARIO DI STATO
FRENI;FEDERICO; 01/07/1980;ROMA;RM;31/12/2030;CAMERA DEI DEPUTATI;DEPUTATO
FRIJIA;MARIA GRAZIA; 09/08/1974;LA SPEZIA;SP;31/12/2030;CAMERA DEI DEPUTATI;DEPUTATO
FUGATTI;MAURIZIO;07/04/1972;BUSSOLENGO;VR;31/12/2030;PROVINCIA AUTONOMA TRENTO;PRESIDENTE
FURFARO;MARCO; 19/06/1980;PISTOIA;PT;31/12/2030;CAMERA DEI DEPUTATI;DEPUTATO
FURGIUELE;DOMENICO; 01/01/1983;LAMEZIA TERME ;CZ;31/12/2030;CAMERA DEI DEPUTATI;DEPUTATO
FURLAN;ANNAMARIA;24/04/1958;GENOVA;GE;31/12/2030;SENATO DELLA REPUBBLICA;SENATORE
GABELLONE;ANTONIO MARIA;16/09/1959;GALLIPOLI ;LE;31/12/2030;CAMERA DEI DEPUTATI;DEPUTATO
GADDA;MARIA CHIARA;06/02/1980;TRADATE ;VA;31/12/2030;CAMERA DEI DEPUTATI;DEPUTATO
GALLIANI;ADRIANO;30/07/1944;MONZA ;MI;31/12/2030;SENATO DELLA REPUBBLICA;SENATORE
GALLO;FRANCESCO;03/11/1966;MESSINA;ME;31/12/2030;CAMERA DEI DEPUTATI;DEPUTATO
GARAVAGLIA;MASSIMO;08/04/1968;CUGGIONO;MI;31/12/2030;SENATO DELLA REPUBBLICA;SENATORE
GARDINI;ELISABETTA;03/06/1956;PADOVA;PD;31/12/2030;CAMERA DEI DEPUTATI;DEPUTATO
GARNERO SANTANCHE';DANIELA;07/04/1961;CUNEO;CN;31/12/2030;MINISTERO DEL TURISMO;MINISTRO
GARNERO SANTANCHE';DANIELA;07/04/1961;CUNEO;CN;31/12/2030;SENATO DELLA REPUBBLICA;SENATORE
GASPARRI;MAURIZIO;18/07/1956;ROMA;RM;31/12/2030;SENATO DELLA REPUBBLICA;SENATORE
GATTA;GIANDIEGO;10/04/1964;MANFREDONIA ;FG;31/12/2030;CAMERA DEI DEPUTATI;DEPUTATO
GAVA;VANNIA;30/06/1974;SACILE ;PN;31/12/2030;CAMERA DEI DEPUTATI;DEPUTATO
GEBHARD;RENATE;02/05/1977;BOLZANO;BZ;31/12/2030;CAMERA DEI DEPUTATI;DEPUTATO
GELMETTI;MATTEO;12/06/1975;VERONA;VR;31/12/2030;SENATO DELLA REPUBBLICA;SENATORE
GELMINI;MARIASTELLA;01/07/1973;LENO ;BS;31/12/2030;SENATO DELLA REPUBBLICA;SENATORE
GEMMATO;MARCELLO;21/12/1972;BARI;BA;31/12/2030;Ministero della Salute;SOTTOSEGRETARIO DI STATO
GEMMATO;MARCELLO;21/12/1972;BARI;BA;31/12/2030;CAMERA DEI DEPUTATI;DEPUTATO
GERMANA';ANTONINO;12/04/1976;MESSINA;ME;31/12/2030;SENATO DELLA REPUBBLICA;SENATORE
GHIO;VALENTINA;05/05/1971;SESTRI LEVANTE ;GE;31/12/2030;CAMERA DEI DEPUTATI;DEPUTATO
GHIRRA;FRANCESCA;25/07/1978;CAGLIARI;CA;31/12/2030;CAMERA DEI DEPUTATI;DEPUTATO
GIACCONE;ANDREA;08/10/1976;SAVIGLIANO;CN;31/12/2030;CAMERA DEI DEPUTATI;DEPUTATO
GIACHETTI;ROBERTO;24/04/1961;ROMA;RM;31/12/2030;CAMERA DEI DEPUTATI;DEPUTATO
GIACOBBE;FRANCESCO;10/07/1958;CATANIA;CT;31/12/2030;SENATO DELLA REPUBBLICA;SENATORE
GIAGONI;DARIO;15/02/1979;OZIERI ;SS;31/12/2030;CAMERA DEI DEPUTATI;DEPUTATO
GIANASSI;FEDERICO;21/05/1980;FIRENZE;FI;31/12/2030;CAMERA DEI DEPUTATI;DEPUTATO
GIANI ;EUGENIO;30/06/1959;EMPOLI;FI;31/12/2030;REGIONE TOSCANA ;PRESIDENTE
GIGLIO VIGNA;ALESSANDRO;13/12/1980;IVREA ;TO;31/12/2030;CAMERA DEI DEPUTATI;DEPUTATO
GIORDANO;ANTONIO;06/06/1964;NAPOLI;NA;31/12/2030;CAMERA DEI DEPUTATI;DEPUTATO
GIORGETTI;GIANCARLO;16/12/1966;CAZZAGO BRABBIA;VA;31/12/2030;MINISTERO DELL'ECONOMIA E DELLE FINANZE;MINISTRO
GIORGETTI;GIANCARLO;16/12/1966;CAZZAGO BRABBIA ;VA;31/12/2030;CAMERA DEI DEPUTATI;DEPUTATO
GIORGIANNI;CARMEN LETIZIA;26/06/1977;SARTEANO ;SI;31/12/2030;CAMERA DEI DEPUTATI;DEPUTATO
GIORGIS;ANDREA;12/04/1965;TORINO;TO;31/12/2030;SENATO DELLA REPUBBLICA;SENATORE
GIOVINE;SILVIO;20/12/1983;VICENZA;VI;31/12/2030;CAMERA DEI DEPUTATI;DEPUTATO
GIRELLI;GIAN ANTONIO;15/09/1962;SALO' ;BS;31/12/2030;CAMERA DEI DEPUTATI;DEPUTATO
GIULI;ALESSANDRO;27/09/1975;ROMA;RM;31/12/2030;MINISTERO DELLA CULTURA;MINISTRO
GIULIANO;CARLA;02/04/1983;SAN SEVERO ;FG;31/12/2030;CAMERA DEI DEPUTATI;DEPUTATO
GNASSI;ANDREA;27/03/1969;RIMINI;RN;31/12/2030;CAMERA DEI DEPUTATI;DEPUTATO
GRAZIANO;STEFANO;13/09/1971;AVERSA ;CE;31/12/2030;CAMERA DEI DEPUTATI;DEPUTATO
GRIBAUDO;CHIARA;16/05/1981;CUNEO;CN;31/12/2030;CAMERA DEI DEPUTATI;DEPUTATO
GRIMALDI;MARCO;08/11/1980;TORINO;TO;31/12/2030;CAMERA DEI DEPUTATI;DEPUTATO
GRIPPO;VALENTINA;07/08/1971;ROMA;RM;31/12/2030;CAMERA DEI DEPUTATI;DEPUTATO
GRUPPIONI;NAIKE;25/01/1979;BOLOGNA;BO;31/12/2030;CAMERA DEI DEPUTATI;DEPUTATO
GUBITOSA;MICHELE;21/12/1966;ATRIPALDA ;AV;31/12/2030;CAMERA DEI DEPUTATI;DEPUTATO
GUERINI;LORENZO;21/11/1966;LODI;LO;31/12/2030;CAMERA DEI DEPUTATI;DEPUTATO
GUERRA;MARIA CECILIA;06/12/1957;NONANTOLA ;MO;31/12/2030;CAMERA DEI DEPUTATI;DEPUTATO
GUIDI;ANTONIO;13/06/1945;ROMA ;RM;31/12/2030;SENATO DELLA REPUBBLICA;SENATORE
GUIDOLIN;BARBARA;21/09/1975;BASSANO DEL GRAPPA ;VI;31/12/2030;SENATO DELLA REPUBBLICA;SENATORE
GUSMEROLI;ALBERTO LUIGI;27/02/1961;VARESE;VA;31/12/2030;CAMERA DEI DEPUTATI;DEPUTATO
IACONO;GIOVANNA;14/06/1983;AGRIGENTO;AG;31/12/2030;CAMERA DEI DEPUTATI;DEPUTATO
IAIA;DARIO;20/11/1973;FRANCAVILLA FONTANA ;BR;31/12/2030;CAMERA DEI DEPUTATI;DEPUTATO
IANNONE;ANTONIO;18/09/1975;TORRE DEL GRECO ;NA;31/12/2030;SENATO DELLA REPUBBLICA;SENATORE
IARIA;ANTONINO;27/12/1970;CONDOFURI ;RC;31/12/2030;CAMERA DEI DEPUTATI;DEPUTATO
IEZZI;IGOR;18/01/1975;MILANO;MI;31/12/2030;CAMERA DEI DEPUTATI;DEPUTATO
IRTO;NICOLA;05/01/1982;REGGIO CALABRIA;RC;31/12/2030;SENATO DELLA REPUBBLICA;SENATORE
KELANY;SARA;08/06/1978;FORMIA ;LT;31/12/2030;CAMERA DEI DEPUTATI;DEPUTATO
KOMPATSCHER;ARNO;19/03/1971;FIE' ALLO SCILIAR;BZ;31/12/2030;PROVINCIA AUTONOMA BOLZANO;PRESIDENTE
LA MARCA;FRANCESCA;03/10/1975;CANADA;;31/12/2030;SENATO DELLA REPUBBLICA;SENATORE
LA PIETRA;PATRIZIO GIACOMO;10/04/1961;PISTOIA;PT;31/12/2030;Ministero dell'Agricoltura, della Sovranità alimentare e delle Foreste;SOTTOSEGRETARIO DI STATO
LA PIETRA;PATRIZIO GIACOMO;10/04/1961;PISTOIA;PT;31/12/2030;SENATO DELLA REPUBBLICA;SENATORE
LA PORTA;CHIARA;07/06/1991;PRATO;PO;31/12/2030;CAMERA DEI DEPUTATI;DEPUTATO
LA RUSSA;IGNAZIO;18/07/1947;PATERNO';CT;31/12/2030;SENATO DELLA REPUBBLICA;PRESIDENTE
LA RUSSA;IGNAZIO;18/07/1947;PATERNO';CT;31/12/2030;SENATO DELLA REPUBBLICA;SENATORE
LA SALANDRA;GIANDONATO;29/09/1978;FOGGIA;FG;31/12/2030;CAMERA DEI DEPUTATI;DEPUTATO
L'ABBATE;ABBATE PATTY;02/05/1966;POLIGNANO A MARE ;BA;31/12/2030;CAMERA DEI DEPUTATI;DEPUTATO
LACARRA;MARCO;04/08/1962;BARI;BA;31/12/2030;CAMERA DEI DEPUTATI;DEPUTATO
LAI;SILVIO;20/07/1966;SASSARI;SS;31/12/2030;CAMERA DEI DEPUTATI;DEPUTATO
LAMPIS;GIANNI;31/05/1988;CAGLIARI;CA;31/12/2030;CAMERA DEI DEPUTATI;DEPUTATO
LANCELLOTTA;ELISABETTA CHRISTIANA;02/03/1979;ISERNIA;IS;31/12/2030;CAMERA DEI DEPUTATI;DEPUTATO
LATINI;GIORGIA;18/04/1980;FABRIANO ;AN;31/12/2030;CAMERA DEI DEPUTATI;DEPUTATO
LAUS;MAURO ANTONIO DONATO;07/08/1966;LAVELLO ;PZ;31/12/2030;CAMERA DEI DEPUTATI;DEPUTATO
LAZZARINI;ARIANNA;06/03/1976;MONSELICE ;PD;31/12/2030;CAMERA DEI DEPUTATI;DEPUTATO
LEO;MAURIZIO;25/07/1955;ROMA;RM;31/12/2030;CAMERA DEI DEPUTATI;DEPUTATO
LEONARDI;ELENA;03/05/1975;RECANATI ;MC;31/12/2030;SENATO DELLA REPUBBLICA;SENATORE
LICHERI;ETTORE ANTONIO;11/10/1963;SASSARI;SS;31/12/2030;SENATO DELLA REPUBBLICA;SENATORE
LICHERI;SABRINA;04/06/1971;ASSEMINI ;CA ;31/12/2030;SENATO DELLA REPUBBLICA;SENATORE
LIRIS;GUIDO QUINTINO;12/06/1979;L'AQUILA;AQ;31/12/2030;SENATO DELLA REPUBBLICA;SENATORE
LISEI;MARCO;15/03/1977;BOLOGNA;BO;31/12/2030;SENATO DELLA REPUBBLICA;SENATORE
LOCATELLI;ALESSANDRA;24/09/1976;COMO;CO;31/12/2030;MINISTERO PER LE DISABILITA';MINISTRO
LOIZZO;SIMONA;20/02/1965;COSENZA;CS;31/12/2030;CAMERA DEI DEPUTATI;DEPUTATO
LOLLOBRIGIDA;FRANCESCO;21/03/1972;TIVOLI;RM;31/12/2030;MINISTERO DELL'AGRICOLTURA, DELLA SOVRANITA' ALIMENTARE E DELLE FORESTE;MINISTRO
LOLLOBRIGIDA;FRANCESCO;21/03/1972;TIVOLI ;RM;31/12/2030;CAMERA DEI DEPUTATI;DEPUTATO
LOMBARDO;MARCO;02/01/1981;LOCRI ;RC;31/12/2030;SENATO DELLA REPUBBLICA;SENATORE
LOMUTI;ARNALDO;14/02/1975;VENOSA ;PZ;31/12/2030;CAMERA DEI DEPUTATI;DEPUTATO
LONGI;ELIANA;13/09/1978;CATANIA;CT;31/12/2030;CAMERA DEI DEPUTATI;DEPUTATO
LOPERFIDO;EMANUELE;04/11/1975;PORDENONE;PN;31/12/2030;CAMERA DEI DEPUTATI;DEPUTATO
LOPREIATO;ADA;06/09/1971;NAPOLI;NA;31/12/2030;SENATO DELLA REPUBBLICA;SENATORE
LOREFICE;PIETRO;18/07/1967;GELA ;CL;31/12/2030;SENATO DELLA REPUBBLICA;SENATORE
LORENZIN;BEATRICE;14/10/1971;ROMA ;RM;31/12/2030;SENATO DELLA REPUBBLICA;SENATORE
LOSACCO;ALBERTO;01/07/1970;BRINDISI;BR;31/12/2030;SENATO DELLA REPUBBLICA;SENATORE
LOTITO;CLAUDIO;09/05/1957;ROMA ;RM;31/12/2030;SENATO DELLA REPUBBLICA;SENATORE
LOVECCHIO;GIORGIO;05/03/1978;FOGGIA;FG;31/12/2030;CAMERA DEI DEPUTATI;DEPUTATO
LUCASELLI;YLENJA;22/04/1976;TARANTO;TA;31/12/2030;CAMERA DEI DEPUTATI;DEPUTATO
LUPI;MAURIZIO;03/10/1959;MILANO;MI;31/12/2030;CAMERA DEI DEPUTATI;DEPUTATO
MACCANTI;ELENA;05/02/1971;TORINO;TO;31/12/2030;CAMERA DEI DEPUTATI;DEPUTATO
MACCARI;CARLO;11/05/1965;VOLTA MANTOVANA ;MN;31/12/2030;CAMERA DEI DEPUTATI;DEPUTATO
MADIA;MARIA ANNA;05/09/1980;ROMA;RM;31/12/2030;CAMERA DEI DEPUTATI;DEPUTATO
MAERNA;NOVO UMBERTO;06/09/1956;MILANO;MI;31/12/2030;CAMERA DEI DEPUTATI;DEPUTATO
MAFFONI;GIANPIETRO;02/11/1951;ORZINUOVI ;BS;31/12/2030;SENATO DELLA REPUBBLICA;SENATORE
MAGI;RICCARDO;07/08/1976;ROMA;RM;31/12/2030;CAMERA DEI DEPUTATI;DEPUTATO
MAGNI;TINO;29/06/1947;BARZAGO ;CO;31/12/2030;SENATO DELLA REPUBBLICA;SENATORE
MAIORANO;GIOVANNI;26/09/1974;MANDURIA ;TA;31/12/2030;CAMERA DEI DEPUTATI;DEPUTATO
MAIORINO;ALESSANDRA;24/07/1974;ROMA ;RM;31/12/2030;SENATO DELLA REPUBBLICA;SENATORE
MALAGOLA;LORENZO;10/11/1982;MILANO;MI;31/12/2030;CAMERA DEI DEPUTATI;DEPUTATO
MALAGUTI;MAURO;01/03/1960;FERRARA;FE;31/12/2030;CAMERA DEI DEPUTATI;DEPUTATO
MALAN;LUCIO;30/07/1960;LUSERNA SAN GIOVANNI ;TO;31/12/2030;SENATO DELLA REPUBBLICA;SENATORE
MALAVASI;ILENIA;22/10/1971;CORREGGIO ;RE;31/12/2030;CAMERA DEI DEPUTATI;DEPUTATO
MALPEZZI;SIMONA FLAVIA ;22/08/1972;CERNUSCO SUL NAVIGLIO ;MI;31/12/2030;SENATO DELLA REPUBBLICA;SENATORE
MANCA;DANIELE;16/05/1969;IMOLA ;BO;31/12/2030;SENATO DELLA REPUBBLICA;SENATORE
MANCINI;CLAUDIO;22/02/1969;ROMA;RM;31/12/2030;CAMERA DEI DEPUTATI;DEPUTATO
MANCINI;PAOLA;04/11/1973;ASOLA ;MN;31/12/2030;SENATO DELLA REPUBBLICA;SENATORE
MANES;FRANCO;21/06/1963;AOSTA;AO;31/12/2030;CAMERA DEI DEPUTATI;DEPUTATO
MANGIALAVORI;GIUSEPPE TOMMASO VINCENZO;11/02/1975;MERANO ;BZ;31/12/2030;CAMERA DEI DEPUTATI;DEPUTATO
MANTOVANI;LUCREZIA MARIA BENEDETTA;20/05/1984;MILANO;MI;31/12/2030;CAMERA DEI DEPUTATI;DEPUTATO
MANTOVANO;ALFREDO;14/01/1958;LECCE;LE;31/12/2030;Presidenza del Consiglio dei Ministri;SOTTOSEGRETARIO DI STATO
MANZI;IRENE;16/08/1977;MACERATA;MC;31/12/2030;CAMERA DEI DEPUTATI;DEPUTATO
MARATTIN;LUIGI;20/02/1979;NAPOLI;NA;31/12/2030;CAMERA DEI DEPUTATI;DEPUTATO
MARCHESCHI;PAOLO;23/03/1961;FIRENZE;FI;31/12/2030;SENATO DELLA REPUBBLICA;SENATORE
MARCHETTI;RICCARDO AUGUSTO;08/05/1987;UMBERTIDE ;PG;31/12/2030;CAMERA DEI DEPUTATI;DEPUTATO
MARCHETTO ALIPRANDI;MARINA;17/11/1951;ESTE ;PD;31/12/2030;CAMERA DEI DEPUTATI;DEPUTATO
MARI;FRANCESCO;04/09/1962;SALERNO;SA;31/12/2030;CAMERA DEI DEPUTATI;DEPUTATO
MARINO;MARIA STEFANIA;05/01/1969;ENNA;EN;31/12/2030;CAMERA DEI DEPUTATI;DEPUTATO
MARROCCO;PATRIZIA;21/03/1977;GERMANIA;;31/12/2030;CAMERA DEI DEPUTATI;DEPUTATO
MARSILIO;MARCO;17/02/1968;ROMA;RM;31/12/2030;REGIONE ABRUZZO;PRESIDENTE
MARTELLA;ANDREA;27/08/1968;PORTOGRUARO ;VE;31/12/2030;SENATO DELLA REPUBBLICA;SENATORE
MARTI;ROBERTO;11/06/1974;LECCE;LE;31/12/2030;SENATO DELLA REPUBBLICA;SENATORE
MARTON;BRUNO;28/09/1969;VAREDO ;MI;31/12/2030;SENATO DELLA REPUBBLICA;SENATORE
MASCARETTI;ANDREA;14/04/1965;MILANO;MI;31/12/2030;CAMERA DEI DEPUTATI;DEPUTATO
MASCHIO;CIRO;23/07/1971;NEGRAR ;VR;31/12/2030;CAMERA DEI DEPUTATI;DEPUTATO
MATERA;DOMENICO;19/05/1965;BENEVENTO;BN;31/12/2030;SENATO DELLA REPUBBLICA;SENATORE
MATERA;MARIANGELA;03/01/1967;ANDRIA ;BA;31/12/2030;CAMERA DEI DEPUTATI;DEPUTATO
MATONE;SIMONETTA;16/06/1953;ROMA;RM;31/12/2030;CAMERA DEI DEPUTATI;DEPUTATO
MATTARELLA;SERGIO;23/07/1941;PALERMO;PA;31/12/2030;PRESIDENZA DELLA REPUBBLICA;PRESIDENTE
MATTEONI;NICOLE;24/12/1987;TRIESTE;TS;31/12/2030;CAMERA DEI DEPUTATI;DEPUTATO
MATTIA;ALDO;11/01/1956;FROSINONE;FR;31/12/2030;CAMERA DEI DEPUTATI;DEPUTATO
MAULLU;STEFANO GIOVANNI;15/03/1962;MILANO;MI;31/12/2030;CAMERA DEI DEPUTATI;DEPUTATO
MAURI;MATTEO;24/05/1970;MILANO;MI;31/12/2030;CAMERA DEI DEPUTATI;DEPUTATO
MAZZELLA;ORFEO;30/09/1965;CERCOLA ;NA;31/12/2030;SENATO DELLA REPUBBLICA;SENATORE
MAZZETTI;ERICA;31/05/1977;PRATO;PO;31/12/2030;CAMERA DEI DEPUTATI;DEPUTATO
MAZZI;GIANMARCO;01/07/1960;VERONA;VR;31/12/2030;Ministero della Cultura;SOTTOSEGRETARIO DI STATO
MAZZI;GIANMARCO;01/07/1960;VERONA;VR;31/12/2030;CAMERA DEI DEPUTATI;DEPUTATO
MELCHIORRE;FILIPPO;07/05/1966;BARI;BA;31/12/2030;SENATO DELLA REPUBBLICA;SENATORE
MELONI;GIORGIA;15/01/1977;ROMA;RM;31/12/2030;PRESIDENZA DEL CONSIGLIO DEI MINISTRI;PRESIDENTE
MELONI;GIORGIA;15/01/1977;ROMA;RM;31/12/2030;CAMERA DEI DEPUTATI;DEPUTATO
MELONI;MARCO;16/06/1971;QUARTU SANT'ELENA ;CA;31/12/2030;SENATO DELLA REPUBBLICA;SENATORE
MENIA;ROBERTO;03/12/1961;PIEVE DI CADORE ;BL;31/12/2030;SENATO DELLA REPUBBLICA;SENATORE
MENNUNI;LAVINIA;17/04/1976;REGNO UNITO;;31/12/2030;SENATO DELLA REPUBBLICA;SENATORE
MEROLA;VIRGINIO;14/02/1955;SANTA MARIA CAPUA VETERE ;CE;31/12/2030;CAMERA DEI DEPUTATI;DEPUTATO
MESSINA;MANLIO;12/11/1973;CATANIA;CT;31/12/2030;CAMERA DEI DEPUTATI;DEPUTATO
MICHELOTTI;FRANCESCO;31/03/1983;COLLE DI VAL D'ELSA ;SI;31/12/2030;CAMERA DEI DEPUTATI;DEPUTATO
MIELE;GIOVANNA;24/07/1980;LATINA;LT;31/12/2030;CAMERA DEI DEPUTATI;DEPUTATO
MIELI;ESTER;22/04/1976;ROMA ;RM;31/12/2030;SENATO DELLA REPUBBLICA;SENATORE
MILANI;MASSIMO;24/09/1967;ROMA;RM;31/12/2030;CAMERA DEI DEPUTATI;DEPUTATO
MINARDO;ANTONINO;05/02/1978;MODICA ;RG;31/12/2030;CAMERA DEI DEPUTATI;DEPUTATO
MINASI;TILDE;24/07/1960;REGGIO CALABRIA;RC;31/12/2030;SENATO DELLA REPUBBLICA;SENATORE
MIRABELLI;FRANCO;09/02/1960;MILANO;MI;31/12/2030;SENATO DELLA REPUBBLICA;SENATORE
MISIANI;ANTONIO;04/09/1968;BERGAMO;BG;31/12/2030;SENATO DELLA REPUBBLICA;SENATORE
MODUGNO;FRANCO;03/05/1938;ROMA;RM;31/12/2030;CORTE COSTITUZIONALE;GIUDICE
MOLINARI;RICCARDO;29/07/1983;ALESSANDRIA;AL;31/12/2030;CAMERA DEI DEPUTATI;DEPUTATO
MOLLICONE;FEDERICO;23/11/1970;ROMA;RM;31/12/2030;CAMERA DEI DEPUTATI;DEPUTATO
MOLTENI;NICOLA;06/03/1976;CANTU';CO;31/12/2030;Ministero dell'Interno;SOTTOSEGRETARIO DI STATO
MOLTENI;NICOLA;06/03/1976;CANTU' ;CO;31/12/2030;CAMERA DEI DEPUTATI;DEPUTATO
MONTARULI;AUGUSTA;14/09/1983;TORINO;TO;31/12/2030;CAMERA DEI DEPUTATI;DEPUTATO
MONTEMAGNI;ELISA;01/06/1986;VIAREGGIO ;LU;31/12/2030;CAMERA DEI DEPUTATI;DEPUTATO
MONTI;MARIO;19/03/1943;VARESE;VA;31/12/2030;SENATO DELLA REPUBBLICA;SENATORE
MORASSUT;ROBERTO;16/11/1963;ROMA;RM;31/12/2030;CAMERA DEI DEPUTATI;DEPUTATO
MORELLI;ALESSANDRO;09/05/1977;VIZZOLO PREDABISSI;MI;31/12/2030;Presidenza del Consiglio dei Ministri;SOTTOSEGRETARIO DI STATO
MORELLI;ALESSANDRO;09/05/1977;VIZZOLO PREDABISSI ;MI;31/12/2030;SENATO DELLA REPUBBLICA;SENATORE
MORFINO;DANIELA;14/05/1974;PALERMO;PA;31/12/2030;CAMERA DEI DEPUTATI;DEPUTATO
MORGANTE;MADDALENA;14/06/1981;VERONA;VR;31/12/2030;CAMERA DEI DEPUTATI;DEPUTATO
MORRONE;JACOPO;23/01/1983;FORLI' ;FO;31/12/2030;CAMERA DEI DEPUTATI;DEPUTATO
MULE';GIORGIO;25/04/1968;CALTANISSETTA;CL;31/12/2030;CAMERA DEI DEPUTATI;DEPUTATO
MURA;FRANCESCO;20/09/1983;GHILARZA ;OR;31/12/2030;CAMERA DEI DEPUTATI;DEPUTATO
MURELLI;ELENA;29/07/1975;PIACENZA;PC;31/12/2030;SENATO DELLA REPUBBLICA;SENATORE
MUSOLINO;DAFNE;04/12/1974;MESSINA;ME;31/12/2030;SENATO DELLA REPUBBLICA;SENATORE
MUSUMECI;NELLO;21/01/1955;MILITELLO IN VAL DI CATANIA;CT;31/12/2030;MINISTERO PER LA PROTEZIONE CIVILE E LE POLITICHE DEL MARE;MINISTRO
MUSUMECI;NELLO;21/01/1955;MILITELLO IN VAL DI CATANIA ;CT;31/12/2030;SENATO DELLA REPUBBLICA;SENATORE
NASTRI;GAETANO;18/03/1968;BOSCOREALE ;NA;31/12/2030;SENATO DELLA REPUBBLICA;SENATORE
NATURALE;GISELLA;03/06/1969;SAN GIOVANNI ROTONDO ;FG;31/12/2030;SENATO DELLA REPUBBLICA;SENATORE
NAVARRETTA;EMANUELA;03/01/1966;CAMPOBASSO;CB;31/12/2030;CORTE COSTITUZIONALE;GIUDICE
NAVE;LUIGI;13/05/1970;VILLARICCA;NA;31/12/2030;SENATO DELLA REPUBBLICA;SENATORE
NEVI;RAFFAELE;09/03/1973;NARNI ;TR;31/12/2030;CAMERA DEI DEPUTATI;DEPUTATO
NICITA;ANTONIO;10/02/1968;SIRACUSA;SR;31/12/2030;SENATO DELLA REPUBBLICA;SENATORE
NISINI;TIZIANA;18/10/1975;PAVIA;PV;31/12/2030;CAMERA DEI DEPUTATI;DEPUTATO
NOCCO;VITA MARIA ;12/12/1974;SANTERAMO IN COLLE ;BA;31/12/2030;SENATO DELLA REPUBBLICA;SENATORE
NORDIO;CARLO;06/02/1947;TREVISO;TV;31/12/2030;MINISTERO DELA GIUSTIZIA;MINISTRO
NORDIO;CARLO;06/02/1947;TREVISO;TV;31/12/2030;CAMERA DEI DEPUTATI;DEPUTATO
OCCHIUTO;MARIO;06/01/1964;COSENZA;CS;31/12/2030;SENATO DELLA REPUBBLICA;SENATORE
OCCHIUTO;ROBERTO;13/05/1969;COSENZA;CS;31/12/2030;REGIONE CALABRIA;PRESIDENTE
ONORI;FEDERICA;16/06/1988;ALBANO LAZIALE ;RM;31/12/2030;CAMERA DEI DEPUTATI;DEPUTATO
ORFINI;MATTEO;30/08/1974;ROMA;RM;31/12/2030;CAMERA DEI DEPUTATI;DEPUTATO
ORLANDO;ANDREA;08/02/1969;LA SPEZIA;SP;31/12/2030;CAMERA DEI DEPUTATI;DEPUTATO
ORRICO;ANNA LAURA;29/12/1980;COSENZA;CS;31/12/2030;CAMERA DEI DEPUTATI;DEPUTATO
ORSINI;ANDREA;23/09/1959;MILANO;MI;31/12/2030;CAMERA DEI DEPUTATI;DEPUTATO
ORSOMARSO;FAUSTO;18/08/1971;COSENZA;CS;31/12/2030;SENATO DELLA REPUBBLICA;SENATORE
OSNATO;MARCO;20/03/1972;BELLUNO;BL;31/12/2030;CAMERA DEI DEPUTATI;DEPUTATO
OSTELLARI;ANDREA;17/03/1974;CAMPO SAN MARTINO;PD;31/12/2030;Ministero della Giustizia;SOTTOSEGRETARIO DI STATO
OSTELLARI;ANDREA;17/03/1974;CAMPO SAN MARTINO ;PD;31/12/2030;SENATO DELLA REPUBBLICA;SENATORE
OTTAVIANI;NICOLA;21/07/1968;FROSINONE;FR;31/12/2030;CAMERA DEI DEPUTATI;DEPUTATO
PADOVANI;MARCO;25/03/1959;VERONA;VR;31/12/2030;CAMERA DEI DEPUTATI;DEPUTATO
PAGANELLA;ANDREA;03/12/1974;RONCOFERRARO ;MN;31/12/2030;SENATO DELLA REPUBBLICA;SENATORE
PAGANO;NAZARIO;23/05/1957;NAPOLI;NA;31/12/2030;CAMERA DEI DEPUTATI;DEPUTATO
PAGANO;UBALDO;16/05/1979;BARI;BA;31/12/2030;CAMERA DEI DEPUTATI;DEPUTATO
PAITA;RAFFAELLA;23/11/1974;LA SPEZIA;SP;31/12/2030;SENATO DELLA REPUBBLICA;SENATORE
PALOMBI;ALESSANDRO;07/07/1976;TIVOLI ;RM;31/12/2030;CAMERA DEI DEPUTATI;DEPUTATO
PANETTA;FABIO;01/08/1959;ROMA;RM;31/12/2030;BANCA D'ITALIA;GOVERNATORE
PANIZZUT;MASSIMILIANO;10/12/1968;MILANO;MI;31/12/2030;CAMERA DEI DEPUTATI;DEPUTATO
PAROLI;ADRIANO;30/03/1962;BRESCIA;BS;31/12/2030;SENATO DELLA REPUBBLICA;SENATORE
PARRINI;DARIO;17/10/1973;VINCI ;FI;31/12/2030;SENATO DELLA REPUBBLICA;SENATORE
PASTORELLA;GIULIA;05/06/1986;MILANO;MI;31/12/2030;CAMERA DEI DEPUTATI;DEPUTATO
PASTORINO;LUCA;30/09/1971;GENOVA;GE;31/12/2030;CAMERA DEI DEPUTATI;DEPUTATO
PATRIARCA;ANNARITA;27/07/1971;NAPOLI;NA;31/12/2030;CAMERA DEI DEPUTATI;DEPUTATO
PATRONI GRIFFI;FILIPPO;27/08/1955;NAPOLI;NA;31/12/2030;CORTE COSTITUZIONALE;GIUDICE
PATRONI GRIFFI;FILIPPO;27/08/1966;NAPOLI;NA;31/12/2030;CONSIGLIO DI STATO;PRESIDENTE
PATTON;PIETRO;28/12/1957;TRENTO;TN;31/12/2030;SENATO DELLA REPUBBLICA;SENATORE
PATUANELLI;STEFANO;08/06/1974;TRIESTE;TS;31/12/2030;SENATO DELLA REPUBBLICA;SENATORE
PAVANELLI;EMMA;19/03/1973;CHIAVARI ;GE;31/12/2030;CAMERA DEI DEPUTATI;DEPUTATO
PELLA;ROBERTO;06/03/1970;BIELLA;BI;31/12/2030;CAMERA DEI DEPUTATI;DEPUTATO
PELLEGRINI;MARCO;30/07/1964;FOGGIA;FG;31/12/2030;CAMERA DEI DEPUTATI;DEPUTATO
PELLEGRINO;CINZIA;17/07/1975;POGGIARDO;LE;31/12/2030;SENATO DELLA REPUBBLICA;SENATORE
PELLICINI;ANDREA;28/01/1970;VARESE;VA;31/12/2030;CAMERA DEI DEPUTATI;DEPUTATO
PELUFFO;VINICIO GIUSEPPE GUIDO;21/03/1971;RHO ;MI;31/12/2030;CAMERA DEI DEPUTATI;DEPUTATO
PENZA;PASQUALINO;16/01/1986;NAPOLI;NA;31/12/2030;CAMERA DEI DEPUTATI;DEPUTATO
PERA;MARCELLO;28/01/1943;LUCCA;LU;31/12/2030;SENATO DELLA REPUBBLICA;SENATORE
PEREGO;MATTEO;18/08/1982;CREMNAGO;CO;31/12/2030;Ministero della Difesa;SOTTOSEGRETARIO DI STATO
PERISSA;MARCO;22/05/1982;ROMA;RM;31/12/2030;CAMERA DEI DEPUTATI;DEPUTATO
PETITTI;STEFANO;02/09/1953;ROMA;RM;31/12/2030;CORTE COSTITUZIONALE;GIUDICE
PETRENGA;GIOVANNA;06/07/1956;CASAL DI PRINCIPE ;CE;31/12/2030;SENATO DELLA REPUBBLICA;SENATORE
PETRUCCI;SIMONA;17/04/1971;GROSSETO;GR;31/12/2030;SENATO DELLA REPUBBLICA;SENATORE
PIANO;RENZO;14/09/1937;GENOVA;GE;31/12/2030;SENATO DELLA REPUBBLICA;SENATORE
PIANTEDOSI;MATTEO;20/04/1963;NAPOLI;NA;31/12/2030;MINISTERO DELL'INTERNO;MINISTRO
PICCOLOTTI;ELISABETTA;10/02/1982;CAMERINO ;MC;31/12/2030;CAMERA DEI DEPUTATI;DEPUTATO
PICHETTO FRATIN;GILBERTO;04/01/1954;VEGLIO ;VC;31/12/2030;CAMERA DEI DEPUTATI;DEPUTATO
PICHETTO FRATIN;GILBERTO;04/01/1954;VEGLIO;VC;31/12/2030;MINISTERO DELL'AMBIENTE E DELLA SICUREZZA ENERGETICA;MINISTRO
PIERRO;ATTILIO;10/11/1974;MARATEA ;PZ;31/12/2030;CAMERA DEI DEPUTATI;DEPUTATO
PIETRELLA;FABIO;11/04/1977;CARBONIA;CA;31/12/2030;CAMERA DEI DEPUTATI;DEPUTATO
PINELLI;FABIO;01/02/1966;LUCCA;LU;31/12/2030;CONSIGLIO SUPERIORE DELLA MAGISTRATURA;VICE PRESIDENTE
PIRONDINI;LUCA;08/06/1981;GENOVA;GE;31/12/2030;SENATO DELLA REPUBBLICA;SENATORE
PIROVANO;DAISY;19/12/1977;ROMANO DI LOMBARDIA ;BG;31/12/2030;SENATO DELLA REPUBBLICA;SENATORE
PIRRO;ELISA;15/07/1973;TORINO;TO;31/12/2030;SENATO DELLA REPUBBLICA;SENATORE
PISANO;CALOGERO;20/06/1981;AGRIGENTO;AG;31/12/2030;CAMERA DEI DEPUTATI;DEPUTATO
PITRUZZELLA;GIOVANNI;15/07/1959;PALERMO;PA;31/12/2030;CORTE COSTITUZIONALE;GIUDICE
PITTALIS;PIETRO;30/04/1958;BELGIO;;31/12/2030;CAMERA DEI DEPUTATI;DEPUTATO
PIZZIMENTI;GRAZIANO;07/05/1961;UDINE;UD;31/12/2030;CAMERA DEI DEPUTATI;DEPUTATO
POGLIESE;SALVO;03/03/1972;CATANIA;CT;31/12/2030;SENATO DELLA REPUBBLICA;SENATORE
POLIDORI;CATIA;03/07/1967;CITTA' DI CASTELLO ;PG;31/12/2030;CAMERA DEI DEPUTATI;DEPUTATO
POLO;BARBARA;04/02/1973;OZIERI ;SS;31/12/2030;CAMERA DEI DEPUTATI;DEPUTATO
PORTA;FABIO;05/11/1963;CALTAGIRONE ;CT;31/12/2030;CAMERA DEI DEPUTATI;DEPUTATO
POTENTI;MANFREDI;21/07/1976;CECINA ;LI;31/12/2030;SENATO DELLA REPUBBLICA;SENATORE
POZZOLO;EMANUELE;25/08/1985;VERCELLI;VC;31/12/2030;CAMERA DEI DEPUTATI;DEPUTATO
PRESTIPINO;PATRIZIA;16/09/1963;ROMA;RM;31/12/2030;CAMERA DEI DEPUTATI;DEPUTATO
PRETTO;ERIK UMBERTO;24/12/1984;SCHIO ;VI;31/12/2030;CAMERA DEI DEPUTATI;DEPUTATO
PRISCO;EMANUELE;23/11/1977;PERUGIA;PG;31/12/2030;Ministero dell'Interno;SOTTOSEGRETARIO DI STATO
PRISCO;EMANUELE;23/11/1977;PERUGIA;PG;31/12/2030;CAMERA DEI DEPUTATI;DEPUTATO
PROIETTI;STEFANIA ;05/01/1975;ASSISI;PG;31/12/2030;REGIONE UMBRIA;PRESIDENTE
PROSPERETTI;GIULIO;07/12/1946;PERUGIA;PG;31/12/2030;CORTE COSTITUZIONALE;GIUDICE
PROVENZANO;GIUSEPPE;23/07/1982;SAN CATALDO ;CL;31/12/2030;CAMERA DEI DEPUTATI;DEPUTATO
PUCCIARELLI;STEFANIA;06/03/1967;SARZANA ;SP;31/12/2030;SENATO DELLA REPUBBLICA;SENATORE
PULCIANI;PAOLO;03/02/1972;ROMA;RM;31/12/2030;CAMERA DEI DEPUTATI;DEPUTATO
QUARTAPELLE PROCOPIO;LIA;15/08/1982;VARESE;VA;31/12/2030;CAMERA DEI DEPUTATI;DEPUTATO
QUARTINI;ANDREA;21/03/1960;GAMBASSI TERME;FI;31/12/2030;CAMERA DEI DEPUTATI;DEPUTATO
RAFFA;ANGELA;26/01/1993;MESSINA;ME;31/12/2030;CAMERA DEI DEPUTATI;DEPUTATO
RAIMONDO;CARMINE FABIO;09/11/1978;MILANO;MI;31/12/2030;CAMERA DEI DEPUTATI;DEPUTATO
RAMPELLI;FABIO;02/08/1960;ROMA;RM;31/12/2030;CAMERA DEI DEPUTATI;DEPUTATO
RANDO;VINCENZA;09/06/1958;NISCEMI ;CL;31/12/2030;SENATO DELLA REPUBBLICA;SENATORE
RAPANI;ERNESTO;02/05/1967;ROSSANO ;CS;31/12/2030;SENATO DELLA REPUBBLICA;SENATORE
RASTRELLI;SERGIO;17/01/1966;NAPOLI;NA;31/12/2030;SENATO DELLA REPUBBLICA;SENATORE
RAUTI;ISABELLA;17/11/1962;ROMA;RM;31/12/2030;Ministero della Difesa;SOTTOSEGRETARIO DI STATO
RAUTI;ISABELLA;17/11/1962;ROMA ;RM;31/12/2030;SENATO DELLA REPUBBLICA;SENATORE
RAVETTO;LAURA;25/01/1971;CUNEO;CN;31/12/2030;CAMERA DEI DEPUTATI;DEPUTATO
RENZI;MATTEO;11/01/1975;FIRENZE;FI;31/12/2030;SENATO DELLA REPUBBLICA;SENATORE
RICCIARDI;MARIANNA;13/01/1994;NAPOLI;NA;31/12/2030;CAMERA DEI DEPUTATI;DEPUTATO
RICCIARDI;RICCARDO;08/05/1982;PIETRASANTA ;LU;31/12/2030;CAMERA DEI DEPUTATI;DEPUTATO
RICCIARDI;TONI;20/12/1977;ATRIPALDA;AV;31/12/2030;CAMERA DEI DEPUTATI;DEPUTATO
RICHETTI;MATTEO;03/08/1974;SASSUOLO ;MO;31/12/2030;CAMERA DEI DEPUTATI;DEPUTATO
RIXI;EDOARDO;08/06/1974;GENOVA;GE;31/12/2030;CAMERA DEI DEPUTATI;DEPUTATO
RIZZETTO;WALTER;25/06/1975;SAN VITO AL TAGLIAMENTO ;PN;31/12/2030;CAMERA DEI DEPUTATI;DEPUTATO
ROBERTI;FRANCESCO;15/06/1967;MONTEFALCONE NEL SANNIO;CB;31/12/2030;REGIONE MOLISE;PRESIDENTE
ROCCA;FRANCESCO;01/09/1965;ROMA;RM;31/12/2030;REGIONE LAZIO;PRESIDENTE
ROCCELLA;EUGENIA;15/11/1953;BOLOGNA;BO;31/12/2030;CAMERA DEI DEPUTATI;DEPUTATO
ROCCELLA;EUGENIA MARIA;15/11/1953;BOLOGNA;BO;31/12/2030;MINISTERO PER LA FAMIGLIA, LA NATALITA' E LE PARI OPPORTUNITA';MINISTRO
ROGGIANI;SILVIA;25/04/1984;BUSTO ARSIZIO ;VA;31/12/2030;CAMERA DEI DEPUTATI;DEPUTATO
ROJC;TATJANA;26/10/1961;TRIESTE;TS;31/12/2030;SENATO DELLA REPUBBLICA;SENATORE
ROMANO;FRANCESCO SAVERIO;24/12/1964;PALERMO;PA;31/12/2030;CAMERA DEI DEPUTATI;DEPUTATO
ROMEO;MASSIMILIANO;22/01/1971;MONZA ;MI;31/12/2030;SENATO DELLA REPUBBLICA;SENATORE
ROMEO;NADIA;23/06/1971;ROVIGO;RO;31/12/2030;CAMERA DEI DEPUTATI;DEPUTATO
RONZULLI;LICIA;14/09/1975;MILANO;MI;31/12/2030;SENATO DELLA REPUBBLICA;SENATORE
ROSA;GIANNI;27/03/1965;POTENZA ;PZ;31/12/2030;SENATO DELLA REPUBBLICA;SENATORE
ROSATO;ETTORE;28/07/1968;TRIESTE;TS;31/12/2030;CAMERA DEI DEPUTATI;DEPUTATO
ROSCANI;FABIO;03/06/1990;ROMA;RM;31/12/2030;CAMERA DEI DEPUTATI;DEPUTATO
ROSSELLO;CRISTINA;24/12/1961;FINALE LIGURE ;SV;31/12/2030;CAMERA DEI DEPUTATI;DEPUTATO
ROSSI;ANDREA;09/10/1976;SCANDIANO ;RE;31/12/2030;CAMERA DEI DEPUTATI;DEPUTATO
ROSSI;ANGELO;23/02/1976;ROMA;RM;31/12/2030;CAMERA DEI DEPUTATI;DEPUTATO
ROSSI;FABRIZIO;02/03/1975;MONTALCINO ;SI;31/12/2030;CAMERA DEI DEPUTATI;DEPUTATO
ROSSO;MATTEO;25/06/1967;GENOVA;GE;31/12/2030;CAMERA DEI DEPUTATI;DEPUTATO
ROSSO;ROBERTO;16/08/1967;TORINO;TO;31/12/2030;SENATO DELLA REPUBBLICA;SENATORE
ROSSOMANDO;ANNA;30/06/1963;TORINO;TO;31/12/2030;SENATO DELLA REPUBBLICA;SENATORE
ROTELLI;MAURO;02/04/1971;VITERBO;VT;31/12/2030;CAMERA DEI DEPUTATI;DEPUTATO
ROTONDI;GIANFRANCO;25/07/1960;AVELLINO;AV;31/12/2030;CAMERA DEI DEPUTATI;DEPUTATO
RUBANO;FRANCESCO MARIA;21/01/1988;TELESE TERME;BN;31/12/2030;CAMERA DEI DEPUTATI;DEPUTATO
RUBBIA;CARLO;31/03/1934;GORIZIA;GO;31/12/2030;SENATO DELLA REPUBBLICA;SENATORE
RUFFINO;DANIELA;07/02/1959;TORINO;TO;31/12/2030;CAMERA DEI DEPUTATI;DEPUTATO
RUSPANDINI;MASSIMO;20/06/1973;CECCANO ;FR;31/12/2030;CAMERA DEI DEPUTATI;DEPUTATO
RUSSO;GAETANA;25/04/1981;FIDENZA ;PR;31/12/2030;CAMERA DEI DEPUTATI;DEPUTATO
RUSSO;PAOLO EMILIO;06/06/1977;COMO;CO;31/12/2030;CAMERA DEI DEPUTATI;DEPUTATO
RUSSO;RAOUL;03/03/1971;PALERMO;PA;31/12/2030;SENATO DELLA REPUBBLICA;SENATORE
SACCANI JOTTI;GLORIA;24/10/1956;REGGIO EMILIA;RE;31/12/2030;CAMERA DEI DEPUTATI;DEPUTATO
SALA;FABRIZIO;13/06/1971;MILANO;MI;31/12/2030;CAMERA DEI DEPUTATI;DEPUTATO
SALLEMI;SALVATORE;31/01/1977;VITTORIA ;RG;31/12/2030;SENATO DELLA REPUBBLICA;SENATORE
SALVINI;MATTEO;09/03/1973;MILANO;MI;31/12/2030;MINISTERO DELLE INFRASTRUTTURE E DEI TRASPORTI;MINISTRO
SALVINI;MATTEO;09/03/1973;MILANO;MI;31/12/2030;SENATO DELLA REPUBBLICA;SENATORE
SALVITTI;GIORGIO;10/02/1968;COLLEFERRO ;RM;31/12/2030;SENATO DELLA REPUBBLICA;SENATORE
SAN GIORGIO;MARIA ROSARIA;16/07/1952;NAPOLI;NA;31/12/2030;CORTE COSTITUZIONALE;GIUDICE
SANTILLO;AGOSTINO;28/10/1974;CASERTA;CE;31/12/2030;CAMERA DEI DEPUTATI;DEPUTATO
SARRACINO;MARCO;21/06/1989;VILLARICCA ;NA;31/12/2030;CAMERA DEI DEPUTATI;DEPUTATO
SASSO;ROSSANO;18/06/1975;BARI;BA;31/12/2030;CAMERA DEI DEPUTATI;DEPUTATO
SATTA;GIOVANNI;22/01/1965;ROMA ;RM;31/12/2030;SENATO DELLA REPUBBLICA;SENATORE
SAVINO;SANDRA;07/02/1960;TRIESTE;TS;31/12/2030;Ministero dell'Economia e delle Finanze;SOTTOSEGRETARIO DI STATO
SBARDELLA;LUCA;26/09/1973;ROMA;RM;31/12/2030;CAMERA DEI DEPUTATI;DEPUTATO
SBROLLINI;DANIELA;30/09/1971;LATIANO ;BR;31/12/2030;SENATO DELLA REPUBBLICA;SENATORE
SCALFAROTTO;IVAN;16/08/1965;PESCARA;PE;31/12/2030;SENATO DELLA REPUBBLICA;SENATORE
SCARPA;RACHELE;29/01/1997;TREVISO;TV;31/12/2030;CAMERA DEI DEPUTATI;DEPUTATO
SCARPINATO;ROBERTO MARIA FERDINANDO;14/01/1952;CALTANISSETTA;CL;31/12/2030;SENATO DELLA REPUBBLICA;SENATORE
SCERRA;FILIPPO;25/03/1978;CATANIA;CT;31/12/2030;CAMERA DEI DEPUTATI;DEPUTATO
SCHIANO DI VISCONTI;MICHELE;26/02/1962;MUGNANO DI NAPOLI ;NA;31/12/2030;CAMERA DEI DEPUTATI;DEPUTATO
SCHIFANI;RENATO MARIA GIUSEPPE ;11/05/1950;PALERMO;PA;31/12/2030;REGIONE SICILIA;PRESIDENTE
SCHIFONE;MARTA;09/10/1980;NAPOLI;NA;31/12/2030;CAMERA DEI DEPUTATI;DEPUTATO
SCHILLACI;ORAZIO;27/04/1966;ROMA;RM;31/12/2030;MINISTERO DELLA SALUTE;MINISTRO
SCHLEIN;ELLY;04/05/1985;SVIZZERA;;31/12/2030;CAMERA DEI DEPUTATI;DEPUTATO
SCHULLIAN;MANFRED;09/03/1962;BOLZANO;BZ;31/12/2030;CAMERA DEI DEPUTATI;DEPUTATO
SCIARRONE ALIBRANDI;ANTONELLA;02/05/1965;MILANO;MI;31/12/2030;CORTE COSTITUZIONALE;GIUDICE
SCOTTO;ARTURO;15/05/1978;TORRE DEL GRECO ;NA;31/12/2030;CAMERA DEI DEPUTATI;DEPUTATO
SCURRIA;MARCO;18/05/1967;ROMA ;RM;31/12/2030;SENATO DELLA REPUBBLICA;SENATORE
SCUTELLA';ELISA;31/10/1987;GENOVA;GE;31/12/2030;CAMERA DEI DEPUTATI;DEPUTATO
SEGRE;LILIANA;10/09/1930;MILANO;MI;31/12/2030;SENATO DELLA REPUBBLICA;SENATORE
SEMENZATO;MARTINA;09/07/1973;SPINEA ;VE;31/12/2030;CAMERA DEI DEPUTATI;DEPUTATO
SENSI;FILIPPO;04/03/1968;ROMA ;RM;31/12/2030;SENATO DELLA REPUBBLICA;SENATORE
SERRACCHIANI;DEBORA;10/11/1970;ROMA;RM;31/12/2030;CAMERA DEI DEPUTATI;DEPUTATO
SIGISMONDI;ETELWARDO;29/09/1974;VASTO ;CH;31/12/2030;SENATO DELLA REPUBBLICA;SENATORE
SILLI;GIORGIO;16/07/1977;FIRENZE;FI;31/12/2030;Ministero degli Affari Esteri e della Cooperazione Internazionale;SOTTOSEGRETARIO DI STATO
SILVESTRI;FRANCESCO;08/04/1981;ROMA;RM;31/12/2030;CAMERA DEI DEPUTATI;DEPUTATO
SILVESTRI;RACHELE;30/08/1986;ASCOLI PICENO;AP;31/12/2030;CAMERA DEI DEPUTATI;DEPUTATO
SILVESTRO;FRANCESCO;22/10/1971;ARZANO ;NA;31/12/2030;SENATO DELLA REPUBBLICA;SENATORE
SILVESTRONI;MARCO;08/11/1962;ROMA ;RM;31/12/2030;SENATO DELLA REPUBBLICA;SENATORE
SIMIANI;MARCO;25/04/1970;PISA;PI;31/12/2030;CAMERA DEI DEPUTATI;DEPUTATO
SIRACUSANO;MATILDE;26/04/1985;MESSINA;ME;31/12/2030;Ministero per i Rapporti con il Parlamento;SOTTOSEGRETARIO DI STATO
SIRACUSANO;MATILDE;26/04/1985;MESSINA;ME;31/12/2030;CAMERA DEI DEPUTATI;DEPUTATO
SIRONI;ELENA;18/02/1961;MILANO;MI;31/12/2030;SENATO DELLA REPUBBLICA;SENATORE
SISLER;SANDRO;12/04/1968;BOLLATE ;MI;31/12/2030;SENATO DELLA REPUBBLICA;SENATORE
SISTO;FRANCESCO PAOLO ;27/04/1955;BARI;BA;31/12/2030;SENATO DELLA REPUBBLICA;SENATORE
SORTE;ALESSANDRO;19/02/1984;TREVIGLIO ;BG;31/12/2030;CAMERA DEI DEPUTATI;DEPUTATO
SOTTANELLI;GIULIO CESARE;10/04/1970;SVIZZERA;;31/12/2030;CAMERA DEI DEPUTATI;DEPUTATO
SOUMAHORO;ABOUBAKAR;06/06/1980;COSTA D'AVORIO;;31/12/2030;CAMERA DEI DEPUTATI;DEPUTATO
SPAGNOLLI;LUIGI;10/02/1960;BOLZANO;BZ;31/12/2030;SENATO DELLA REPUBBLICA;SENATORE
SPELGATTI;NICOLETTA;28/07/1971;AOSTA;AO;31/12/2030;SENATO DELLA REPUBBLICA;SENATORE
SPERANZA;ROBERTO;04/01/1979;POTENZA;PZ;31/12/2030;CAMERA DEI DEPUTATI;DEPUTATO
SPERANZON;RAFFAELE;07/10/1971;VENEZIA;VE;31/12/2030;SENATO DELLA REPUBBLICA;SENATORE
SPINELLI;DOMENICA;08/01/1969;SAMMICHELE DI BARI ;BA;31/12/2030;SENATO DELLA REPUBBLICA;SENATORE
SPORTIELLO;GILDA;19/02/1987;NAPOLI;NA;31/12/2030;CAMERA DEI DEPUTATI;DEPUTATO
SQUERI;LUCA;18/12/1961;MILANO;MI;31/12/2030;CAMERA DEI DEPUTATI;DEPUTATO
STEFANAZZI;CLAUDIO MICHELE;08/05/1970;TRICASE ;LE;31/12/2030;CAMERA DEI DEPUTATI;DEPUTATO
STEFANI;ALBERTO;16/11/1992;CAMPOSAMPIERO ;PD;31/12/2030;CAMERA DEI DEPUTATI;DEPUTATO
STEFANI;ERIKA;18/07/1971;VALDAGNO ;VI;31/12/2030;SENATO DELLA REPUBBLICA;SENATORE
STEGER;DIETER;24/06/1964;BRUNICO ;BZ;31/12/2030;CAMERA DEI DEPUTATI;DEPUTATO
STUMPO;NICOLA;20/08/1969;CATANZARO;CZ;31/12/2030;CAMERA DEI DEPUTATI;DEPUTATO
SUDANO;VALERIA;26/09/1975;CATANIA;CT;31/12/2030;CAMERA DEI DEPUTATI;DEPUTATO
TABACCI;BRUNO;27/08/1946;QUISTELLO ;MN;31/12/2030;CAMERA DEI DEPUTATI;DEPUTATO
TAJANI;ANTONIO;04/08/1953;ROMA;RM;31/12/2030;MINISTERO DEGLI AFFARI ESTERI E DELLA COOPERAZIONE INTERNAZIONALE;MINISTRO
TAJANI;ANTONIO;04/08/1953;ROMA;RM;31/12/2030;CAMERA DEI DEPUTATI;DEPUTATO
TAJANI;CRISTINA;28/11/1978;TERLIZZI;BA;31/12/2030;SENATO DELLA REPUBBLICA;SENATORE
TASSINARI;ROSARIA;18/08/1967;FORLI' ;FO;31/12/2030;CAMERA DEI DEPUTATI;DEPUTATO
TENERINI;CHIARA;08/12/1972;SAN MINIATO ;PI;31/12/2030;CAMERA DEI DEPUTATI;DEPUTATO
TERNULLO;DANIELA;09/05/1975;SIRACUSA;SR;31/12/2030;SENATO DELLA REPUBBLICA;SENATORE
TERZI DI SANT'AGATA ;GIULIOMARIA ;09/06/1946;BERGAMO;BG;31/12/2030;SENATO DELLA REPUBBLICA;SENATORE
TESTA;GUERINO;16/03/1970;PESCARA;PE;31/12/2030;CAMERA DEI DEPUTATI;DEPUTATO
TESTOLIN;RENZO;28/03/1968;AOSTA;AO;31/12/2030;REGIONE VALLE D'AOSTA;PRESIDENTE
TESTOR;ELENA;20/07/1973;CAVALESE ;TN;31/12/2030;SENATO DELLA REPUBBLICA;SENATORE
TIRELLI;FRANCO;10/10/1965;ARGENTINA;;31/12/2030;CAMERA DEI DEPUTATI;DEPUTATO
TOCCALINI;LUCA;18/05/1990;MILANO;MI;31/12/2030;CAMERA DEI DEPUTATI;DEPUTATO
TODDE;ALESSANDRA;06/02/1969;NUORO;NU;31/12/2030;REGIONE SARDEGNA;PRESIDENTE
TORTO;DANIELA;18/08/1985;CHIETI;CH;31/12/2030;CAMERA DEI DEPUTATI;DEPUTATO
TOSATO;PAOLO;08/09/1972;NEGRAR ;VR;31/12/2030;SENATO DELLA REPUBBLICA;SENATORE
TRANCASSINI;PAOLO;29/06/1963;ROMA;RM;31/12/2030;CAMERA DEI DEPUTATI;DEPUTATO
TRAVERSI;ROBERTO;01/12/1969;MILANO;MI;31/12/2030;CAMERA DEI DEPUTATI;DEPUTATO
TREMAGLIA;ANDREA;25/09/1987;BERGAMO;BG;31/12/2030;CAMERA DEI DEPUTATI;DEPUTATO
TREMONTI;GIULIO;18/08/1947;SONDRIO;SO;31/12/2030;CAMERA DEI DEPUTATI;DEPUTATO
TREVISI;ANTONIO SALVATORE ;26/01/1976;COPERTINO ;LE;31/12/2030;SENATO DELLA REPUBBLICA;SENATORE
TRIPODI ;MARIA;21/07/1982;MELITO DI PORTO SALVO;RC;31/12/2030;Ministero degli Affari Esteri e della Cooperazione Internazionale;SOTTOSEGRETARIO DI STATO
TUBETTI;FRANCESCA;06/08/1982;MONFALCONE;GO;31/12/2030;SENATO DELLA REPUBBLICA;SENATORE
TUCCI;RICCARDO;08/05/1986;GERMANIA;;31/12/2030;CAMERA DEI DEPUTATI;DEPUTATO
TURCO;MARIO;14/06/1968;TARANTO;TA;31/12/2030;SENATO DELLA REPUBBLICA;SENATORE
UNTERBERGER;JULIA;05/09/1962;MERANO ;BZ;31/12/2030;SENATO DELLA REPUBBLICA;SENATORE
URSO;ADOLFO;12/07/1957;PADOVA;PD;31/12/2030;MINISTERO DELLE IMPRESE E DEL MADE IN ITALY;MINISTRO
URSO;ADOLFO;12/07/1957;PADOVA;PD;31/12/2030;SENATO DELLA REPUBBLICA;SENATORE
URZI';ALESSANDRO;07/05/1966;BOLZANO;BZ;31/12/2030;CAMERA DEI DEPUTATI;DEPUTATO
VACCARI;STEFANO;10/04/1967;MODENA;MO;31/12/2030;CAMERA DEI DEPUTATI;DEPUTATO
VALDITARA;GIUSEPPE;12/01/1961;MILANO;MI;31/12/2030;MINISTERO DELL'ISTRUZIONE E DEL MERITO;MINISTRO
VALENTE;VALERIA;16/09/1976;NAPOLI;NA;31/12/2030;SENATO DELLA REPUBBLICA;SENATORE
VARCHI;MARIA CAROLINA;14/10/1983;PALERMO;PA;31/12/2030;CAMERA DEI DEPUTATI;DEPUTATO
VERDUCCI;FRANCESCO;05/10/1972;FERMO;AP;31/12/2030;SENATO DELLA REPUBBLICA;SENATORE
VERINI;WALTER;17/01/1956;CITTA' DI CASTELLO;PG;31/12/2030;SENATO DELLA REPUBBLICA;SENATORE
VERSACE;GIUSY;20/05/1977;REGGIO CALABRIA;RC;31/12/2030;SENATO DELLA REPUBBLICA;SENATORE
VIETRI;IMMA;21/10/1969;SALERNO;SA;31/12/2030;CAMERA DEI DEPUTATI;DEPUTATO
VIGANO';FRANCESCO;01/03/1966;MILANO;MI;31/12/2030;CORTE COSTITUZIONALE;GIUDICE
VINCI;GIANLUCA;28/05/1980;REGGIO EMILIA;RE;31/12/2030;CAMERA DEI DEPUTATI;DEPUTATO
VOLPI;ANDREA;28/04/1981;ROMA;RM;31/12/2030;CAMERA DEI DEPUTATI;DEPUTATO
ZAFFINI;FRANCESCO;09/03/1955;SPOLETO;PG;31/12/2030;SENATO DELLA REPUBBLICA;SENATORE
ZAIA;LUCA;27/03/1968;CONEGLIANO;TV;31/12/2030;REGIONE VENETO;PRESIDENTE
ZAMBITO;YLENIA;27/06/1974;PISA;PI;31/12/2030;SENATO DELLA REPUBBLICA;SENATORE
ZAMPA;SANDRA;16/05/1956;MERCATO SARACENO;FO;31/12/2030;SENATO DELLA REPUBBLICA;SENATORE
ZANELLA;LUANA;04/10/1950;VENEZIA;VE;31/12/2030;CAMERA DEI DEPUTATI;DEPUTATO
ZANETTIN;PIERANTONIO;13/07/1961;VICENZA;VI;31/12/2030;SENATO DELLA REPUBBLICA;SENATORE
ZANGRILLO;PAOLO;03/12/1961;GENOVA;GE;31/12/2030;MINISTERO PER LA PUBBLICA AMMINISTRAZIONE;MINISTRO
ZANGRILLO;PAOLO;03/12/1961;GENOVA;GE;31/12/2030;SENATO DELLA REPUBBLICA;SENATORE
ZARATTI;FILIBERTO;26/03/1956;ROMA;RM;31/12/2030;CAMERA DEI DEPUTATI;DEPUTATO
ZEDDA;ANTONELLA;17/01/1976;CAGLIARI;CA;31/12/2030;SENATO DELLA REPUBBLICA;SENATORE
ZIELLO;EDOARDO;11/04/1992;CIVITAVECCHIA ;RM;31/12/2030;CAMERA DEI DEPUTATI;DEPUTATO
ZINZI;GIANPIERO;15/01/1983;CASERTA;CE;31/12/2030;CAMERA DEI DEPUTATI;DEPUTATO
ZOFFILI;EUGENIO;25/10/1979;ERBA ;CO;31/12/2030;CAMERA DEI DEPUTATI;DEPUTATO
ZUCCONI;RICCARDO;26/09/1956;CAMAIORE ;LU;31/12/2030;CAMERA DEI DEPUTATI;DEPUTATO
ZULLO;IGNAZIO;20/08/1959;CASSANO DELLE MURGE;BA;31/12/2030;SENATO DELLA REPUBBLICA;SENATORE
ZURZOLO;IMMACOLATA;07/06/1973;TORINO;TO;31/12/2030;CAMERA DEI DEPUTATI;DEPUTATO